日期,现金,持仓市值,总资产,持仓数量
2018-01-02,309.42399999994086,1007285.155,1000000.0,5
2018-01-03,247.93399999992107,1006825.904,1007198.9839999999,5
2018-01-04,381.70799999998417,1011452.439,1011372.3759999999,5
2018-01-05,263.4299999999639,1016845.959,1017239.0019999999,5
2018-01-08,1179.942999999927,1013154.7590000001,1021880.068,5
2018-01-09,201421.7469999999,816217.929,1011702.3929999999,4
2018-01-10,198323.7719999999,816217.929,1003994.7919999998,4
2018-01-11,197981.2719999999,816217.929,1003374.0419999999,4
2018-01-12,198245.05099999992,816217.929,1004020.672,4
2018-01-15,193927.06299999994,816217.929,993074.9079999999,4
2018-01-16,193682.46299999996,817713.229,992373.383,4
2018-01-17,194361.02099999995,817713.229,993945.763,4
2018-01-18,196587.21999999997,820876.86,999685.3999999999,4
2018-01-19,197847.19999999995,820876.86,1002617.9099999999,4
2018-01-22,201658.37999999992,818378.618,1012603.9299999998,4
2018-01-23,202799.15799999994,829196.26,1015269.448,4
2018-01-24,2186.497999999934,1033973.48,1027111.7379999999,5
2018-01-25,4289.14599999995,1020470.688,1037525.2579999999,5
2018-01-26,3096.869999999937,1011450.228,1032052.8459999999,5
2018-01-29,285.24399999994785,1006946.278,1009957.7359999999,5
2018-01-30,150.17199999996228,1003522.766,1004928.932,5
2018-01-31,193720.86799999996,810109.6699999999,992583.2619999999,4
2018-02-01,191430.94799999997,810109.6699999999,986829.212,4
2018-02-02,194830.322,804815.24,995446.0719999999,4
2018-02-05,194762.286,805763.146,994891.4859999999,4
2018-02-06,191411.226,805763.146,986840.866,4
2018-02-07,193042.906,808241.1059999999,990646.2359999999,4
2018-02-08,193718.01599999997,808241.1059999999,992509.6259999999,4
2018-02-09,186607.63599999997,808241.1059999999,974847.826,4
2018-02-12,192630.57599999997,808241.1059999999,989837.556,4
2018-02-13,193659.07599999997,808241.1059999999,992330.0810000001,4
2018-02-14,192951.80599999995,808241.1059999999,990572.296,4
2018-02-22,194916.92099999997,808310.894,995507.4759999999,4
2018-02-23,193910.87299999996,814999.2479999999,993092.9269999999,4
2018-02-26,196586.59599999993,816826.4480000001,999848.2269999998,4
2018-02-27,198382.75599999996,813951.4280000001,1004252.068,4
2018-02-28,197279.41,811740.96,1001176.689,4
2018-03-01,1993.5899999999965,1006378.48,1013794.26,5
2018-03-02,196698.43999999997,811740.96,999851.57,4
2018-03-05,197154.94999999995,811740.96,1001182.6399999999,4
2018-03-06,194590.39999999997,811740.96,994731.02,4
2018-03-07,194630.83899999995,811109.1599999999,994608.82,4
2018-03-08,194048.18899999995,811109.1599999999,993327.619,4
2018-03-09,196126.56899999993,808163.9199999999,998368.737,4
2018-03-12,199753.45399999994,808163.9199999999,1007628.9389999999,4
2018-03-13,198145.12399999995,809714.2139999999,1003742.1539999999,4
2018-03-14,196637.63399999987,807230.574,999587.874,4
2018-03-15,196367.63399999985,807230.574,999147.0139999997,4
2018-03-16,198389.32999999987,805892.274,1004184.6699999998,4
2018-03-19,198133.5619999999,807944.324,1003501.9199999999,4
2018-03-20,199020.0719999999,807944.324,1005942.502,4
2018-03-21,199765.56899999987,807944.324,1007456.8119999999,4
2018-03-22,344.7589999999036,1006248.014,1006299.619,5
2018-03-23,195380.233,815683.1499999999,996733.8230000001,4
2018-03-26,197408.29499999998,821117.0499999999,1001845.8709999998,4
2018-03-27,202689.34499999997,821117.0499999999,1014918.4450000001,4
2018-03-28,1065.2289999999757,1022031.0299999999,1008256.3229999999,5
2018-03-29,200983.43899999993,820292.95,1010790.019,4
2018-03-30,1119.1489999999467,1033812.98,1021554.849,5
2018-04-02,3204.698999999904,1020351.88,1032088.5589999998,5
2018-04-03,2812.37899999987,1019763.2810000001,1030180.9889999998,5
2018-04-04,3004.543999999878,1015254.68,1031838.8779999998,5
2018-04-09,3229.303999999878,1015254.68,1032820.6339999998,5
2018-04-10,321.3039999998582,1017906.56,1017776.134,5
2018-04-11,323.165999999881,1015923.7100000001,1017421.5999999997,5
2018-04-12,202904.86599999986,813277.31,1015319.9009999998,4
2018-04-13,202129.50599999988,813277.31,1013512.1159999999,4
2018-04-16,201636.07799999992,813863.33,1012290.94,4
2018-04-17,200825.8179999999,813885.92,1010464.138,4
2018-04-18,200589.93999999994,814234.3699999999,1009641.7749999999,4
2018-04-19,200505.29499999998,813995.3099999999,1009460.9549999998,4
2018-04-20,199255.37499999997,813995.3099999999,1006425.395,4
2018-04-23,196258.661,813995.3099999999,999145.075,4
2018-04-24,198506.64899999992,812693.09,1004668.2249999999,4
2018-04-25,197685.54099999997,817401.651,1002441.0149999999,4
2018-04-26,196549.949,817401.651,999521.311,4
2018-04-27,196748.74899999998,818102.521,1000268.4389999999,4
2018-05-02,196268.74099999998,818102.521,999010.4169999999,4
2018-05-03,197210.02599999998,818102.521,1001211.701,4
2018-05-04,198233.44099999993,818721.451,1003824.338,4
2018-05-07,199146.69499999992,821162.6710000001,1005970.0139999999,4
2018-05-08,200777.06999999992,821162.6710000001,1010286.21,4
2018-05-09,200605.40199999994,821162.6710000001,1009723.578,4
2018-05-10,280.887000000017,1019273.9410000001,1019682.9320000001,5
2018-05-11,270.2410000000036,1012803.121,1011104.0970000001,5
2018-05-14,223.43599999995422,1005596.885,1004551.583,5
2018-05-15,150.07799999998974,1006784.3170000002,1005188.5199999999,5
2018-05-16,215.22700000000896,1007861.6450000001,1003763.9449999998,5
2018-05-17,228.158000000009,1010699.8650000001,1015650.8070000001,5
2018-05-18,325.39199999999255,1012395.9010000001,1022296.1869999999,5
2018-05-21,388.1729999999609,1005839.88,1026049.383,5
2018-05-22,212.79000000000815,1007081.799,1034612.993,5
2018-05-23,260.43900000007125,1006419.24,1026985.699,5
2018-05-24,269.80900000001384,989138.75,1028116.759,5
2018-05-25,216.6710000000021,985297.19,1011252.999,5
2018-05-28,247.6249999999709,983278.47,997271.5930000001,5
2018-05-29,278.16099999996135,983485.659,989837.963,5
2018-05-30,205.23999999996158,983723.6299999999,970949.1699999999,5
2018-05-31,146.5449999999546,982196.9600000001,978032.7139999999,5
2018-06-01,179.23499999995693,986608.87,976453.925,5
2018-06-04,307.55099999994854,990392.763,979244.7849999999,5
2018-06-05,212.34499999988475,993733.893,990965.5729999999,5
2018-06-06,221.90499999985332,991528.8260000001,998344.7049999998,5
2018-06-07,322.13999999981024,996088.7480000001,1003047.6419999999,5
2018-06-08,176.53599999993457,982493.6,997023.358,5
2018-06-11,376.7989999999036,977477.1799999999,992125.0759999999,5
2018-06-12,301.3269999998447,973910.75,988841.2389999998,5
2018-06-13,324.2709999997751,975018.379,982577.6799999997,5
2018-06-14,195.4739999997255,948431.2189999999,983673.5499999997,5
2018-06-15,305.50299999973504,925761.8299999998,970395.5529999996,5
2018-06-19,305.46499999967637,922853.3019999999,921299.6529999997,5
2018-06-20,246.89699999970617,922793.0,926157.6869999997,5
2018-06-21,305.9489999995858,932090.5819999999,914884.1169999995,5
2018-06-22,269.6069999995525,939136.208,928745.7909999995,5
2018-06-25,204.82499999951688,941922.6939999999,928926.2149999995,5
2018-06-26,346.2899999994843,945250.541,942784.8669999994,5
2018-06-27,256.40699999956996,949643.184,934838.4569999996,5
2018-06-28,362.0169999995569,956746.1739999999,932221.8469999996,5
2018-06-29,173.58699999944656,954759.006,957687.0069999995,5
2018-07-02,304.8669999994278,966280.462,945888.2029999994,5
2018-07-03,371.3669999994454,963453.512,965377.0169999995,5
2018-07-04,244.0149999994319,968596.052,959361.1129999994,5
2018-07-05,176.02099999948405,964334.178,952693.6189999995,5
2018-07-06,198.42099999950733,969862.0819999999,952495.1709999995,5
2018-07-09,251.02399999951012,971023.292,965123.2479999996,5
2018-07-10,286.9919999995909,971394.7679999999,964895.1279999996,5
2018-07-11,319.37699999957226,973017.574,953528.7939999995,5
2018-07-12,93.1629999995348,977020.718,976170.0929999994,5
2018-07-13,173.1169999995618,975439.7259999999,973122.3069999996,5
2018-07-16,286.19699999955367,976791.7559999999,971579.4009999996,5
2018-07-17,290.78099999955157,976428.906,974834.5629999996,5
2018-07-18,173.98199999957114,978184.156,974882.1929999997,5
2018-07-19,291.2219999996014,978944.0259999998,975195.7119999996,5
2018-07-20,176.43999999953667,974216.198,981501.3099999996,5
2018-07-23,297.0939999995171,975857.2880000001,976984.8699999996,5
2018-07-24,195.73999999955413,972504.5489999999,979113.4159999995,5
2018-07-25,212.1599999995542,972504.5489999999,988610.2129999995,5
2018-07-26,248.64799999954994,971864.6579999999,985910.2519999995,5
2018-07-27,213.72499999951106,974801.58,983443.0279999995,5
2018-07-30,290.99699999956647,962098.5240000001,963733.8319999997,5
2018-07-31,358.0379999995057,954330.798,964537.2039999994,5
2018-08-01,194.29599999947823,948271.17,956326.6359999996,5
2018-08-02,252.53599999949802,953585.52,951268.6259999995,5
2018-08-03,289.0489999994902,947670.081,954675.9659999995,5
2018-08-06,263.1599999994796,942503.97,950115.9799999994,5
2018-08-07,228.2799999994645,943685.5900000001,966257.9899999995,5
2018-08-08,332.8099999994738,950343.021,940412.7999999996,5
2018-08-09,323.23399999941466,954159.5399999999,950511.0109999995,5
2018-08-10,260.8889999994717,949497.8,954186.9339999994,5
2018-08-13,284.1249999994801,943081.488,952391.5009999995,5
2018-08-14,235.20999999943888,934336.721,946736.8689999992,5
2018-08-15,248.54499999943863,934336.721,932464.8049999996,5
2018-08-16,168.19899999941117,935939.4770000001,929871.2449999994,5
2018-08-17,292.0259999994505,936523.883,934308.8459999994,5
2018-08-20,264.468999999488,950123.425,930977.9919999995,5
2018-08-21,147.3149999995029,955576.925,939565.0179999996,5
2018-08-22,302.4259999994829,958200.3219999999,936660.9449999995,5
2018-08-23,356.34999999945285,956063.6869999999,943591.2779999995,5
2018-08-24,262.1709999994491,960468.037,943924.4039999994,5
2018-08-27,266.8779999994731,956876.815,955355.4979999993,5
2018-08-28,146.49799999952666,953095.5889999999,960859.8329999995,5
2018-08-29,101.62799999953131,939527.043,954725.5519999996,5
2018-08-30,318.09499999953664,937596.02,952197.4879999994,5
2018-08-31,256.45499999955064,937427.23,948088.9399999995,5
2018-09-03,157.71499999955995,936904.718,942653.3049999997,5
2018-09-04,333.14499999955876,935226.946,948185.2849999995,5
2018-09-05,165.4929999995511,934783.446,942061.3009999995,5
2018-09-06,229.83899999954156,931004.446,942447.0659999995,5
2018-09-07,256.38699999955134,929616.4280000001,941432.0969999995,5
2018-09-10,144.52199999950244,929496.3130000001,932672.9539999996,5
2018-09-11,168.6849999995029,927734.862,933752.0849999994,5
2018-09-12,294.75699999951456,925908.5900000001,934675.1509999995,5
2018-09-13,233.21499999950174,927836.212,937804.0249999994,5
2018-09-14,206.42099999950733,924063.34,932631.5929999995,5
2018-09-17,292.9589999995369,925336.5619999999,922250.3439999996,5
2018-09-18,244.90599999949336,927471.755,925978.0349999995,5
2018-09-19,80.08099999950502,927313.995,928158.9419999996,5
2018-09-20,293.0059999994992,928344.583,927978.6579999995,5
2018-09-21,338.858999999502,924422.03,932243.1139999995,5
2018-09-25,189.87499999947613,923829.21,932214.3429999996,5
2018-09-26,234.41999999943073,911915.439,931546.5299999994,5
2018-09-27,189.18899999943096,911723.5199999999,921550.1979999995,5
2018-09-28,244.25799999944306,900312.7049999998,922299.7519999995,5
2018-10-08,240.41099999944316,900312.7049999998,910126.3309999995,5
2018-10-09,202.86399999944842,894766.628,906809.1849999995,5
2018-10-10,320.3129999994999,886850.7989999999,902689.1889999994,5
2018-10-11,202.26399999955902,886128.723,879390.5339999995,5
2018-10-12,188.14899999954505,883326.588,881378.9019999995,5
2018-10-15,263.3989999995392,881431.264,879141.8309999995,5
2018-10-16,274.51099999953294,882009.86,870075.8729999994,5
2018-10-17,180.82299999953943,879747.895,869558.2409999996,5
2018-10-18,194.36299999957555,878424.075,855483.8269999995,5
2018-10-19,210.62199999956647,883689.538,858621.8479999995,5
2018-10-22,209.9339999994845,884068.4879999999,876955.3759999995,5
2018-10-23,215.8869999995207,882178.1939999999,874065.2199999995,5
2018-10-24,225.53099999949336,882214.538,872994.0799999996,5
2018-10-25,224.01299999948242,884003.328,876032.5509999994,5
2018-10-26,136.15399999948568,891180.86,877479.7469999995,5
2018-10-29,292.7299999994866,892397.9979999999,878569.7699999994,5
2018-10-30,201.93499999956111,896494.968,883139.1299999995,5
2018-10-31,307.73499999949127,899778.0360000001,887623.2189999996,5
2018-11-01,359.6979999994694,906695.6259999999,889846.3319999995,5
2018-11-02,348.5269999995213,911436.355,907534.1099999994,5
2018-11-05,252.7349999995247,911031.1449999999,907029.4909999996,5
2018-11-06,216.87199999962468,910420.905,903064.2989999995,5
2018-11-07,138.58599999965634,910901.545,906525.0419999996,5
2018-11-08,114.29999999961001,911112.8049999999,903490.7939999994,5
2018-11-09,174.65199999962235,917571.024,902688.7219999996,5
2018-11-12,174.43599999963772,923089.818,910707.0329999995,5
2018-11-13,294.1889999995765,924959.026,919494.9339999995,5
2018-11-14,291.8439999996044,925608.851,926154.1769999994,5
2018-11-15,230.70399999950314,924261.8840000001,937390.9469999995,5
2018-11-16,299.4329999995243,926012.014,944984.4319999996,5
2018-11-19,212.75099999946542,920306.564,942949.9419999995,5
2018-11-20,140.83499999955757,921373.9879999999,927686.5009999996,5
2018-11-21,185.10299999956624,919963.719,929364.9029999996,5
2018-11-22,76.24699999951986,924167.7590000001,931892.4539999994,5
2018-11-23,285.3799999995259,923017.782,915003.7019999996,5
2018-11-26,194.88399999949615,937440.9530000001,919733.2839999995,5
2018-11-27,314.71599999949103,955098.885,922231.1719999996,5
2018-11-28,308.1909999995364,954012.6950000001,936627.1199999995,5
2018-11-29,168.84099999954924,958198.745,930726.1309999996,5
2018-11-30,161.80599999957485,958850.8479999999,931172.3109999995,5
2018-12-03,199.7669999996142,950237.065,953569.4099999996,5
2018-12-04,227.9019999996409,948277.9699999999,959723.4019999997,5
2018-12-05,70.99499999955879,943816.0499999999,959269.4679999996,5
2018-12-06,127.98299999951269,940006.0,947071.9299999995,5
2018-12-07,195.18299999946612,924131.598,942345.9929999996,5
2018-12-10,265.660999999498,923611.078,931707.1169999995,5
2018-12-11,230.71499999950174,923529.154,932238.9529999995,5
2018-12-12,254.6189999995113,925259.668,934058.6479999993,5
2018-12-13,303.26899999947636,923623.048,936860.9589999996,5
2018-12-14,211.72899999946821,918736.1799999999,928775.6889999994,5
2018-12-17,183.956999999471,918723.01,929444.4279999995,5
2018-12-18,303.648999999481,917943.33,922421.2269999996,5
2018-12-19,282.5629999994708,922381.4759999999,917778.3029999995,5
2018-12-20,218.85299999942777,919334.636,922031.1389999994,5
2018-12-21,366.8889999994135,926043.108,920556.4589999993,5
2018-12-24,310.9769999994023,920335.645,925968.7879999994,5
2018-12-25,295.7519999993963,918132.7599999999,917323.7569999994,5
2018-12-26,264.8759999993746,920057.128,922910.2019999993,5
2018-12-27,276.58599999939906,929460.4749999999,920029.5259999995,5
2018-12-28,257.5679999994172,927973.232,919383.9639999993,5
2019-01-02,232.20099999944796,954980.9750000001,921941.0109999995,5
2019-01-03,215.1669999994674,962293.187,918083.0429999994,5
2019-01-04,236.34799999944516,970537.637,929004.5069999994,5
2019-01-07,189.59799999948655,971598.427,957200.5079999996,5
2019-01-08,313.15599999949336,972770.227,958412.5269999995,5
2019-01-09,175.36099999950966,975875.6370000001,967692.4359999995,5
2019-01-10,178.4429999994784,977693.0830000001,971642.2769999995,5
2019-01-11,156.02099999942584,978839.9469999999,982676.8379999993,5
2019-01-14,235.29099999939785,975633.323,982492.5219999993,5
2019-01-15,196.18699999945238,981337.791,994021.1679999994,5
2019-01-16,174.3669999994745,980659.051,994429.0269999995,5
2019-01-17,184.96299999958137,972480.2790000001,983215.4969999995,5
2019-01-18,233.3229999995965,973356.9199999999,979398.4029999997,5
2019-01-21,292.29099999959,976112.49,976667.5609999996,5
2019-01-22,193.48799999960465,975679.06,975318.6119999997,5
2019-01-23,245.3509999996342,977119.5430000001,976282.3349999997,5
2019-01-24,206.52099999959228,971738.766,980232.6769999997,5
2019-01-25,161.08099999965634,965459.885,983776.4409999996,5
2019-01-28,290.8369999996794,985631.189,969454.6389999996,5
2019-01-29,331.33999999967403,986146.0599999999,963159.2519999996,5
2019-01-30,269.80599999954575,989032.834,961016.3249999996,5
2019-01-31,303.51099999953294,1001918.01,958189.2449999996,5
2019-02-01,323.81499999950756,1022127.716,974402.7189999996,5
2019-02-11,206.67299999949705,1026220.6259999999,982263.7169999995,5
2019-02-12,112.52499999946906,1058361.9579999999,985633.0089999994,5
2019-02-13,189.73899999945388,1060115.67,1009106.9329999996,5
2019-02-14,196.22299999947427,1059486.6300000001,1021683.3369999996,5
2019-02-15,159.04499999948894,1068093.01,1032637.6809999995,5
2019-02-18,286.386999999464,1069964.72,1057377.9749999994,5
2019-02-19,267.23699999945245,1077133.904,1062619.2469999995,5
2019-02-20,282.8769999994838,1084746.6439999999,1076792.0459999994,5
2019-02-21,310.6309999994701,1139688.26,1080825.1709999996,5
2019-02-22,315.5609999994049,1255824.132,1091222.0109999995,5
2019-02-25,212.740999999427,1290255.5799999998,1195736.3959999995,5
2019-02-26,255.97999999942886,1290255.5799999998,1212162.1199999996,5
2019-02-27,309.27999999942494,1287388.164,1218239.6999999993,5
2019-02-28,395.74999999956344,1287547.43,1207273.7969999996,5
2019-03-01,189.9399999996822,1317160.48,1213566.8999999997,5
2019-03-04,186.81699999968077,1330801.03,1223973.2799999996,5
2019-03-05,293.56699999965485,1346554.98,1255749.6269999996,5
2019-03-06,194.5369999994873,1310008.5899999999,1320807.0469999996,5
2019-03-07,432.20699999955264,1300918.406,1329552.6869999995,5
2019-03-08,444.1549999996023,1309836.406,1279893.6979999996,5
2019-03-11,268.1649999996298,1318087.616,1317801.8949999998,5
2019-03-12,355.5589999996009,1315123.666,1349514.1749999996,5
2019-03-13,408.09199999962584,1286583.5559999999,1301080.9039999996,5
2019-03-14,187.4619999996503,1328425.6600000001,1247563.7959999996,5
2019-03-15,334.28199999959907,1329737.512,1309236.4819999996,5
2019-03-18,223.61199999967357,1330756.902,1334283.1119999997,5
2019-03-19,379.1119999997318,1319275.882,1343584.2119999998,5
2019-03-20,301.7459999997518,1309514.7400000002,1335438.974,5
2019-03-21,469.4709999997867,1301001.36,1342108.7339999997,5
2019-03-22,337.400999999918,1297673.35,1325386.5509999997,5
2019-03-25,237.03099999992992,1282782.0320000001,1297368.9759999998,5
2019-03-26,147.24699999991572,1280170.57,1265286.923,5
2019-03-27,508.1679999998596,1285621.7719999999,1263112.8319999997,5
2019-03-28,279.4949999998789,1300564.352,1257938.5819999997,5
2019-03-29,192.5209999999297,1414891.71,1283757.4409999999,5
2019-04-01,336.3330000001006,1417083.7799999998,1342481.051,5
2019-04-02,235.5130000000936,1438777.444,1344139.6909999999,5
2019-04-03,242.05000000010477,1487263.38,1349183.9160000002,5
2019-04-04,347.2530000000497,1595580.389,1373136.065,5
2019-04-08,19050.961999999785,1531588.666,1466672.403,5
2019-04-09,16229.365999999864,1528407.206,1453480.7310000001,5
2019-04-10,14120.014999999907,1513634.046,1442343.9919999999,5
2019-04-11,7169.386999999988,1511006.927,1407828.458,5
2019-04-12,10397.722000000009,1557008.3410000002,1424111.916,5
2019-04-15,10553.656000000034,1594223.563,1424808.365,5
2019-04-16,17783.232000000004,1564097.563,1461192.385,5
2019-04-17,19189.662000000004,1564097.563,1467735.992,5
2019-04-18,20185.72200000001,1564004.1930000002,1472030.771,5
2019-04-19,20372.939000000093,1560555.995,1474178.666,5
2019-04-22,194.65800000005402,1504049.938,1574367.9579999999,5
2019-04-23,206.92499999998836,1529344.849,1520331.207,5
2019-04-24,228.8540000000503,1430185.8800000001,1529551.7740000002,5
2019-04-25,294.9340000000666,1422135.6600000001,1456328.594,5
2019-04-26,417.97400000016205,1410497.36,1455201.2840000002,5
2019-04-29,239.03400000019428,1410404.4760000003,1405866.4340000001,5
2019-04-30,275.7110000003013,1396576.0760000001,1416496.0560000003,5
2019-05-06,310.96700000041164,1405424.476,1376813.1520000005,5
2019-05-07,113.81700000056298,1424047.889,1403042.5470000005,5
2019-05-08,159.15000000054715,1436885.3960000002,1406895.1900000006,5
2019-05-09,331.7460000005667,1450108.4279999998,1404656.1640000006,5
2019-05-10,296.00800000058734,1439021.0359999998,1433964.2880000006,5
2019-05-13,228.95800000068266,1444305.116,1430654.4090000005,5
2019-05-14,255.1020000006938,1446262.736,1451066.3040000007,5
2019-05-15,253.0000000006985,1431056.007,1464707.8300000008,5
2019-05-16,385.2820000007632,1427248.623,1462310.0640000007,5
2019-05-17,175.43700000079116,1422196.987,1432762.6780000008,5
2019-05-20,321.24700000078883,1423659.683,1426350.3290000008,5
2019-05-21,180.57600000075763,1419316.404,1436870.5860000008,5
2019-05-22,268.6510000007693,1420987.3220000002,1435988.5510000007,5
2019-05-23,302.07400000083726,1418092.0270000002,1423870.1490000007,5
2019-05-24,235.10300000093412,1423119.3059999999,1422653.7230000007,5
2019-05-27,250.2300000009709,1422093.363,1433212.2690000008,5
2019-05-28,161.38500000088243,1414673.0639999998,1433561.425000001,5
2019-05-29,340.96300000080373,1408829.099,1431538.534000001,5
2019-05-30,314.991000000794,1404733.779,1415641.1280000007,5
2019-05-31,180.4190000007511,1400084.919,1410484.7740000007,5
2019-06-03,333.512000000861,1397685.796,1406340.5520000008,5
2019-06-04,358.1200000011013,1394151.4689999998,1395273.762000001,5
2019-06-05,280.2100000010105,1393798.866,1394536.301000001,5
2019-06-06,231.77800000085125,1423326.4559999998,1385388.0280000009,5
2019-06-10,302.60500000062166,1425503.8059999999,1416426.7940000007,5
2019-06-11,244.9200000006822,1427542.6639999999,1431307.297000001,5
2019-06-12,195.7930000007036,1427582.9209999999,1424461.3560000008,5
2019-06-13,269.32500000076834,1404909.5899999999,1424580.7440000009,5
2019-06-14,303.17900000087684,1405714.26,1391906.6970000009,5
2019-06-17,294.76100000098813,1405605.4900000002,1398183.4250000007,5
2019-06-18,349.01900000090245,1407109.1080000002,1390988.9450000012,5
2019-06-19,232.04300000093644,1408761.2460000003,1398602.551000001,5
2019-06-20,255.67400000075577,1430168.505,1409059.0890000009,5
2019-06-21,315.6390000007232,1434712.63,1436866.4190000007,5
2019-06-24,215.69900000089547,1467903.1460000002,1437266.6690000012,5
2019-06-25,298.9770000008284,1451832.8939999999,1448724.8050000009,5
2019-06-26,170.12100000085775,1456360.53,1450465.8510000007,5
2019-06-27,296.88100000080885,1460115.27,1447833.9610000008,5
2019-06-28,269.5770000008051,1460175.0300000003,1447260.1470000008,5
2019-07-01,281.3070000009029,1479931.242,1473927.6970000009,5
2019-07-02,356.6170000009006,1479116.5019999999,1486047.2370000007,5
2019-07-03,242.4320000008447,1482522.102,1489730.336000001,5
2019-07-04,261.13400000100955,1466365.973,1506904.074000001,5
2019-07-05,268.5920000009937,1435131.8679999998,1470069.875000001,5
2019-07-08,212.9470000009169,1429776.133,1441830.7320000008,5
2019-07-09,297.8040000007022,1413765.27,1430564.2900000007,5
2019-07-10,196.06400000082795,1443618.5499999998,1422037.6940000006,5
2019-07-11,389.11400000077447,1446615.79,1430714.9340000008,5
2019-07-12,169.75800000078743,1449563.662,1430555.590000001,5
2019-07-15,137.71700000079454,1449655.2419999999,1434506.9430000011,5
2019-07-16,361.13300000084564,1451643.21,1453780.351000001,5
2019-07-17,199.90500000078464,1450193.01,1456289.773000001,5
2019-07-18,215.15500000078464,1450193.01,1447779.3050000006,5
2019-07-19,212.60500000079628,1443271.47,1444402.665000001,5
2019-07-22,297.5550000008079,1441609.47,1412874.928000001,5
2019-07-23,153.23500000068452,1442340.766,1424279.372000001,5
2019-07-24,180.86700000072597,1444130.4300000002,1424072.399000001,5
2019-07-25,298.76500000077067,1442160.31,1426319.547000001,5
2019-07-26,307.7150000007823,1444688.2580000001,1425738.365000001,5
2019-07-29,233.65300000086427,1450809.534,1442681.2030000007,5
2019-07-30,111.558000000834,1450081.0550000002,1438019.738000001,5
2019-07-31,270.61800000077346,1451169.364,1438912.2590000008,5
2019-08-01,220.50200000073528,1444484.114,1435590.3180000007,5
2019-08-02,339.8290000007353,1444484.114,1435865.4050000007,5
2019-08-05,276.34400000068126,1448080.839,1430925.4230000007,5
2019-08-06,200.5890000007348,1445855.186,1417676.7230000007,5
2019-08-07,227.76500000071246,1451324.0699999998,1438166.3950000005,5
2019-08-08,200.88300000078743,1452970.0499999998,1436299.845000001,5
2019-08-09,252.933000000834,1449679.7280000001,1438693.303000001,5
2019-08-12,367.6630000008154,1459539.51,1444180.1080000007,5
2019-08-13,163.19800000078976,1458519.104,1453261.0840000007,5
2019-08-14,277.602000000712,1488059.11,1443403.9120000007,5
2019-08-15,167.64200000069582,1487934.85,1447703.1120000007,5
2019-08-16,334.5920000006398,1494542.47,1452527.0520000008,5
2019-08-19,242.94500000058906,1502688.873,1469235.9690000007,5
2019-08-20,254.38300000046183,1504497.005,1503247.0970000005,5
2019-08-21,145.13500000053318,1501952.9729999998,1491930.8730000004,5
2019-08-22,322.72900000057416,1503303.315,1490100.1810000003,5
2019-08-23,353.97900000057416,1500267.9929999998,1489494.9890000005,5
2019-08-26,291.1320000006235,1504592.829,1483609.547000001,5
2019-08-27,380.8070000006701,1505182.704,1490944.7770000007,5
2019-08-28,315.08300000074087,1506029.584,1488098.8750000007,5
2019-08-29,379.1250000007849,1516843.354,1495751.7730000007,5
2019-08-30,354.21500000078413,1516843.354,1488929.7050000008,5
2019-09-02,193.11900000076275,1517050.21,1492757.7410000009,5
2019-09-03,333.11900000087917,1520316.5899999999,1501261.5190000008,5
2019-09-04,241.0590000008815,1538253.5799999998,1515274.2990000008,5
2019-09-05,250.25900000083493,1542580.42,1521812.7790000008,5
2019-09-06,331.799000000814,1549122.38,1537497.999000001,5
2019-09-09,328.55300000077114,1545469.77,1550210.219000001,5
2019-09-10,321.64300000068033,1534050.468,1552096.1230000006,5
2019-09-11,311.9510000006412,1523997.443,1541117.1210000005,5
2019-09-12,310.9420000006794,1516509.781,1521881.0250000006,5
2019-09-16,337.0930000008084,1505715.057,1523068.959000001,5
2019-09-17,279.9360000008646,1512544.377,1508771.7750000008,5
2019-09-18,268.13200000090046,1511876.1909999999,1515387.742000001,5
2019-09-19,368.46100000082515,1552893.9959999998,1509030.2340000009,5
2019-09-20,345.98100000078557,1532043.49,1547866.4670000006,5
2019-09-23,238.30100000090897,1530861.58,1544582.131000001,5
2019-09-24,326.12100000079954,1490681.0899999999,1528249.861000001,5
2019-09-25,375.7020000006887,1487769.71,1508546.3270000007,5
2019-09-26,177.21200000063982,1487072.9699999997,1484935.352000001,5
2019-09-27,276.67600000067614,1486379.307,1483471.6120000004,5
2019-09-30,286.18500000069616,1485495.61,1471037.2450000008,5
2019-10-08,258.57500000076834,1502888.97,1473109.5250000008,5
2019-10-09,309.4450000008801,1513412.9,1492937.955000001,5
2019-10-10,298.5150000008871,1518664.8399999999,1519640.8150000009,5
2019-10-11,303.6000000007916,1528457.91,1535622.3970000006,5
2019-10-14,374.23600000090664,1533596.322,1556204.990000001,5
2019-10-15,341.12100000074133,1538633.945,1534421.0270000007,5
2019-10-16,328.20800000074087,1541895.0699999998,1550792.117000001,5
2019-10-17,287.11600000058024,1534135.4700000002,1550114.3670000008,5
2019-10-18,321.64800000051036,1525794.5159999998,1541600.8560000006,5
2019-10-21,206.3280000005616,1522189.1560000002,1526199.9880000004,5
2019-10-22,379.1780000006547,1562321.184,1528599.5580000007,5
2019-10-23,390.54900000058115,1572273.898,1519536.3870000006,5
2019-10-24,353.82500000071013,1596416.472,1513251.6950000008,5
2019-10-25,235.23500000068452,1611826.742,1530563.5250000004,5
2019-10-28,259.1800000006915,1573818.6670000001,1609789.4380000005,5
2019-10-29,260.0480000007665,1550629.248,1576372.5290000006,5
2019-10-30,278.2270000007702,1545338.586,1559708.0750000007,5
2019-10-31,269.38100000080885,1558728.142,1536812.1670000008,5
2019-11-01,251.55500000080792,1557792.844,1535531.479000001,5
2019-11-04,345.83700000081444,1554461.704,1534943.1440000008,5
2019-11-05,204.9230000008247,1604320.6639999999,1535455.9340000008,5
2019-11-06,341.58600000076694,1649016.778,1548192.990000001,5
2019-11-07,226.36400000064168,1626595.5909999998,1632283.770000001,5
2019-11-08,229.9510000004666,1612639.327,1627528.6350000002,5
2019-11-11,250.144000000495,1611464.181,1613734.0830000003,5
2019-11-12,166.32200000068406,1604152.399,1614370.0620000004,5
2019-11-13,297.3620000007795,1608049.449,1605665.7520000008,5
2019-11-14,372.341000000888,1598362.1230000001,1605335.3250000007,5
2019-11-15,271.82400000089547,1624170.423,1606887.2140000009,5
2019-11-18,267.2210000007917,1631900.211,1598993.713000001,5
2019-11-19,240.07400000089547,1643647.114,1616962.2780000009,5
2019-11-20,279.8540000007488,1630774.0799999998,1641090.9010000008,5
2019-11-21,245.03000000072643,1610671.8250000002,1635497.5490000008,5
2019-11-22,345.11800000071344,1617734.6950000003,1624433.9230000009,5
2019-11-25,231.3190000007162,1613475.165,1625607.213000001,5
2019-11-26,311.411000000732,1608083.511,1625821.5890000006,5
2019-11-27,227.30200000073137,1608083.511,1614539.227000001,5
2019-11-28,409.2610000008135,1618583.9649999999,1610292.8940000008,5
2019-11-29,229.40100000071106,1619948.1350000002,1609197.3130000008,5
2019-12-02,405.7470000006724,1636459.145,1610887.6270000006,5
2019-12-03,283.1710000006133,1662133.83,1609498.0420000004,5
2019-12-04,2931.823000000615,1650376.2700000003,1622590.3930000004,5
2019-12-05,152.23300000064773,1688246.6300000001,1632971.6930000007,5
2019-12-06,294.0350000007893,1685882.83,1619231.7650000008,5
2019-12-09,209.9650000007889,1685882.83,1627933.0530000008,5
2019-12-10,303.9000000007218,1680864.43,1671894.3190000006,5
2019-12-11,299.0140000007814,1668087.04,1671752.1600000006,5
2019-12-12,257.2540000008303,1689318.0520000001,1657616.654000001,5
2019-12-13,175.2840000008582,1695244.3220000002,1658156.5240000007,5
2019-12-16,320.01600000086455,1710406.17,1689865.9060000007,5
2019-12-17,326.2260000007809,1712576.9419999998,1707973.2460000007,5
2019-12-18,240.74600000067358,1705457.939,1716291.9180000008,5
2019-12-19,213.37300000077812,1712762.249,1723513.2760000008,5
2019-12-20,357.80300000089915,1691478.28,1719682.112000001,5
2019-12-23,294.0610000008601,1692038.358,1673392.323000001,5
2019-12-24,377.3750000008454,1706018.298,1688799.347000001,5
2019-12-25,244.95400000091695,1717022.832,1699446.5210000006,5
2019-12-26,223.9760000007809,1749846.979,1727393.0860000006,5
2019-12-27,229.51500000082888,1745016.79,1718850.8160000008,5
2019-12-30,360.3630000007688,1795285.4100000001,1715207.167000001,5
2019-12-31,396.5130000007921,1816567.8,1742602.1630000006,5
2020-01-02,290.71100000076694,1818060.7200000002,1753138.9630000007,5
2020-01-03,362.5340000006836,1826787.63,1779253.9780000006,5
2020-01-06,223.88000000064494,1817447.3800000001,1814605.7500000007,5
2020-01-07,291.12300000095274,1816476.534,1830050.850000001,5
2020-01-08,320.4150000009686,1813681.7619999999,1813922.930000001,5
2020-01-09,328.13500000105705,1813039.182,1839118.7750000008,5
2020-01-10,238.4950000011595,1871314.538,1816203.6550000012,5
2020-01-13,306.32300000125815,1893043.4600000002,1829234.2910000011,5
2020-01-14,316.52800000128445,1868923.185,1878359.6930000011,5
2020-01-15,250.72400000129346,1861253.619,1869904.1930000014,5
2020-01-16,236.4630000013858,1848394.69,1853366.3430000015,5
2020-01-17,98.64300000130902,1938290.458,1843340.8830000013,5
2020-01-20,293.44500000111293,1991339.9980000001,1888675.4790000012,5
2020-01-21,280.562000001315,1951670.42,1959187.4170000013,5
2020-01-22,173.12500000122236,1980441.665,1930733.8720000016,5
2020-01-23,307.0380000011646,2005975.7079999996,1950809.6820000012,5
2020-02-03,250.94200000126148,2088376.408,1964924.1380000012,5
2020-02-04,388.6700000013807,2110613.9639999997,2063420.8700000015,5
2020-02-05,313.1210000013234,2126493.861,2100593.404000001,5
2020-02-06,347.12500000122236,2104114.52,2114397.561000001,5
2020-02-07,349.9500000010594,2151011.415,2128714.550000001,5
2020-02-10,242.54500000120606,2092399.5999999996,2181393.0650000013,5
2020-02-11,308.7450000012759,2095063.5819999997,2092020.9350000012,5
2020-02-12,226.53700000117533,2058746.3599999999,2113229.967000001,5
2020-02-13,297.6970000011288,2051913.96,2061687.0070000014,5
2020-02-14,283.5900000011361,2058313.458,2031711.3370000012,5
2020-02-17,306.1620000010589,2060380.9780000001,2057137.7600000007,5
2020-02-18,343.96500000101514,2054980.738,2075843.6020000011,5
2020-02-19,338.12500000110595,2064761.7380000001,2043638.405000001,5
2020-02-20,362.4150000011432,2166045.896,2068666.4050000012,5
2020-02-21,338.22700000100303,2172983.346,2109348.841000001,5
2020-02-24,209.2210000010091,2218877.733,2168899.591000001,5
2020-02-25,335.7380000008852,2110527.811,2210605.892000001,5
2020-02-26,288.95800000050804,2101126.401,2142268.6580000008,5
2020-02-27,377.56800000049407,2146237.8710000003,2098193.7550000004,5
2020-02-28,134.02900000056252,2158168.79,2089423.8490000006,5
2020-03-02,207.9990000007092,2185009.13,2141920.842000001,5
2020-03-03,331.8530000006431,2140132.444,2183062.5590000004,5
2020-03-04,448.7630000008503,2198059.5,2142606.5370000005,5
2020-03-05,449.37900000083755,2266404.766,2185217.775000001,5
2020-03-06,341.83200000095894,2214587.684,2188566.6630000006,5
2020-03-09,237.84000000095693,2306987.076,2165537.2600000007,5
2020-03-10,460.49600000074133,2454053.865,2290785.776000001,5
2020-03-11,392.44900000077905,2672122.102,2368451.346000001,5
2020-03-12,229.3770000007935,2690049.342,2389549.8590000006,5
2020-03-13,280.33900000090944,2636513.96,2512057.879000001,5
2020-03-16,247.0830000010901,2694659.1399999997,2578961.379000001,5
2020-03-17,348.17700000095647,2732360.161,2694906.223000001,5
2020-03-18,323.0680000006687,2708099.92,2698948.5480000004,5
2020-03-19,276.00800000076197,2697993.6399999997,2662085.558000001,5
2020-03-20,287.12400000111666,2451818.656,2723044.9080000017,5
2020-03-23,335.83900000114227,2500645.846,2462621.570000001,5
2020-03-24,317.23900000116555,2518008.346,2459124.539000001,5
2020-03-25,469.3890000010142,2501648.226,2558855.899000001,5
2020-03-26,412.6490000010235,2527403.5459999996,2560571.142000001,5
2020-03-27,341.23500000103013,2559743.0459999996,2508305.8520000004,5
2020-03-30,230.33900000097674,2563753.0979999998,2645157.9090000014,5
2020-03-31,496.1300000010524,2557765.126,2645376.393000001,5
2020-04-01,360.49500000092667,2545956.873,2624078.1230000006,5
2020-04-02,577.7420000009006,2439246.2460000003,2585973.862000001,5
2020-04-03,408.7990000009304,2483931.7060000002,2580577.162000001,5
2020-04-07,547.1690000011004,2410056.131,2614571.569000001,5
2020-04-08,224.8130000010715,2390198.835,2466938.605000001,5
2020-04-09,357.6310000010999,2288255.739,2479050.943000001,5
2020-04-10,359.869000001112,2332386.259,2344703.125000001,5
2020-04-13,251.06300000095507,2355952.991,2316821.8780000014,5
2020-04-14,248.5480000009993,2364062.493,2356122.811000001,5
2020-04-15,322.30700000107754,2382653.0100000002,2372048.937000001,5
2020-04-16,306.27400000131456,2334167.438,2386384.337000001,5
2020-04-17,404.85400000138907,2378288.6999999997,2342289.3120000013,5
2020-04-20,362.5940000015544,2363373.09,2379095.266000001,5
2020-04-21,388.8200000015786,2361417.82,2377093.210000002,5
2020-04-22,154.2400000016787,2362863.224,2378892.3000000017,5
2020-04-23,252.97400000179186,2358356.406,2372569.864000002,5
2020-04-24,176.37200000183657,2376053.68,2356702.230000002,5
2020-04-27,399.38300000177696,2331875.296,2362888.7520000017,5
2020-04-28,291.99900000169873,2353941.296,2315455.9930000016,5
2020-04-29,392.47900000185473,2385774.153,2305793.6850000015,5
2020-04-30,337.13300000190793,2334128.32,2356196.1640000017,5
2020-05-06,321.4930000018794,2300485.9699999997,2367644.018000002,5
2020-05-07,117.41800000198418,2301776.55,2314829.1130000018,5
2020-05-08,258.32800000190036,2290975.35,2311889.808000002,5
2020-05-11,332.15600000182167,2285558.513,2298135.008000002,5
2020-05-12,351.9160000018892,2288703.992,2291157.119000002,5
2020-05-13,350.8880000017816,2253844.3619999997,2289055.9080000017,5
2020-05-14,246.7080000017886,2247409.2619999996,2260078.418000002,5
2020-05-15,345.02200000174344,2245792.162,2251987.886000002,5
2020-05-18,456.79200000170385,2250548.082,2241738.5820000013,5
2020-05-19,431.9140000017942,2232172.992,2258325.804000002,5
2020-05-20,311.106000001756,2207918.142,2225047.8360000015,5
2020-05-21,422.3460000016494,2157802.822,2264862.296000002,5
2020-05-22,220.8460000017476,2157945.912,2157630.923000002,5
2020-05-25,232.9360000018496,2158973.012,2152476.916000002,5
2020-05-26,390.1960000018448,2156661.252,2185158.2260000017,5
2020-05-27,225.24600000178907,2139470.406,2168323.636000002,5
2020-05-28,328.3840000014752,2150260.89,2137175.445000001,5
2020-05-29,343.2850000017788,2175662.73,2160592.785000002,5
2020-06-01,437.89700000191806,2179266.649,2213720.6350000016,5
2020-06-02,459.64600000192877,2169060.1999999997,2182939.146000002,5
2020-06-03,352.8560000021007,2247497.08,2192659.3260000017,5
2020-06-04,435.86600000201724,2245747.38,2178094.6860000016,5
2020-06-05,221.70600000173363,2256072.9499999997,2230360.0060000014,5
2020-06-08,310.75600000150735,2273643.54,2256294.6560000014,5
2020-06-09,221.2920000013546,2240757.135,2219058.7960000015,5
2020-06-10,393.35700000129873,2224146.6799999997,2200956.697000001,5
2020-06-11,274.8370000012219,2255380.0700000003,2215483.847000001,5
2020-06-12,228.28700000129174,2276334.56,2229340.717000001,5
2020-06-15,256.98900000128197,2269765.33,2211022.487000001,5
2020-06-16,366.0920000014012,2325126.804,2224006.9990000012,5
2020-06-17,409.9260000014874,2292066.072,2273763.7760000015,5
2020-06-18,338.5580000014161,2232899.2040000004,2259758.9380000015,5
2020-06-19,369.1670000013546,2190599.3200000003,2242175.032000001,5
2020-06-22,325.21700000144756,2211942.1500000004,2231418.8860000013,5
2020-06-23,335.8350000014452,2204144.51,2217172.7190000014,5
2020-06-24,462.80900000140537,2206422.97,2207256.6750000017,5
2020-06-29,326.76800000152434,2229074.6,2227719.3880000017,5
2020-06-30,408.1340000012642,2279557.886,2234219.8180000014,5
2020-07-01,212.28600000124425,2334162.004,2279645.776000001,5
2020-07-02,299.0760000012815,2373326.514,2284020.3460000013,5
2020-07-03,411.51700000132905,2472813.8740000003,2318630.4340000018,5
2020-07-06,381.2330000013462,2431143.124,2425251.1930000014,5
2020-07-07,303.25100000137354,2434803.93,2429821.327000002,5
2020-07-08,233.68500000145286,2465225.595,2427947.9610000015,5
2020-07-09,325.6560000014142,2452117.55,2461201.1500000013,5
2020-07-10,380.68800000142073,2478214.5,2419447.4460000014,5
2020-07-13,234.8520000014687,2625062.8000000003,2531019.104000001,5
2020-07-14,225.64200000173878,2496629.46,2602261.0920000016,5
2020-07-15,500.4920000016882,2448002.07,2586625.5120000015,5
2020-07-16,280.3340000018943,2430306.1,2399505.5380000016,5
2020-07-17,272.5640000019921,2533197.938,2413490.024000002,5
2020-07-20,425.2720000016852,2500411.9899999998,2516735.7320000017,5
2020-07-21,365.9820000017644,2487779.065,2500837.2620000015,5
2020-07-22,263.6620000017574,2505538.225,2558204.114000002,5
2020-07-23,406.29200000171477,2545253.565,2552601.142000002,5
2020-07-24,391.5370000015846,2546503.1890000002,2455067.3770000013,5
2020-07-27,376.66600000171456,2544598.1920000003,2520334.726000001,5
2020-07-28,329.1700000021374,2624354.8400000003,2526075.858000002,5
2020-07-29,353.90100000222446,2604073.0300000003,2553853.8800000027,5
2020-07-30,349.04100000223843,2611871.99,2551207.631000002,5
2020-07-31,324.5420000022277,2613988.9220000003,2602514.511000002,5
2020-08-03,402.82100000197534,2596258.713,2619962.603000002,5
2020-08-04,441.8710000021383,2648279.522,2578013.912000002,5
2020-08-05,398.62100000225473,2640622.8219999997,2631076.6810000027,5
2020-08-06,519.4210000024141,2588894.942,2631429.141000002,5
2020-08-07,308.7630000024219,2576911.7720000003,2581795.1090000025,5
2020-08-10,452.5950000025332,2485231.762,2604997.2750000027,5
2020-08-11,221.8750000024911,2476011.01,2515724.9750000024,5
2020-08-12,314.87200000241864,2471631.2640000004,2488879.203000002,5
2020-08-13,262.3400000024121,2464124.776,2493143.314000002,5
2020-08-14,373.6960000022664,2509555.54,2461551.1760000023,5
2020-08-17,476.63000000239117,2518823.08,2517574.1760000023,5
2020-08-18,379.73700000240933,2483973.8800000004,2531962.3430000027,5
2020-08-19,372.26700000253004,2469868.253,2514365.0670000026,5
2020-08-20,428.09000000258675,2468032.6,2506090.2700000023,5
2020-08-21,305.4300000027288,2472497.82,2519526.7200000025,5
2020-08-24,286.70800000270356,2461298.48,2531641.4600000028,5
2020-08-25,332.0080000027083,2442725.4299999997,2521152.0680000028,5
2020-08-26,389.8370000027222,2437255.8800000004,2480051.8350000028,5
2020-08-27,477.1970000026631,2436387.8869999996,2460666.9970000023,5
2020-08-28,350.80800000263844,2444006.1229999997,2421064.304000003,5
2020-08-31,385.060000002617,2438152.923,2443111.6680000024,5
2020-09-01,401.8040000027231,2438801.49,2461363.040000003,5
2020-09-02,261.3840000028722,2416401.4099999997,2470680.3340000026,5
2020-09-03,362.69800000305986,2431219.62,2444708.848000003,5
2020-09-04,370.1700000031269,2391434.111,2477129.8980000033,5
2020-09-07,280.76000000326894,2431729.7309999997,2494388.9300000034,5
2020-09-08,342.8660000032396,2357329.959,2533639.610000003,5
2020-09-09,355.41400000301655,2327580.139,2482989.386000003,5
2020-09-10,348.42200000287266,2335922.9110000003,2335301.102000003,5
2020-09-11,361.75100000296334,2402679.231,2349389.7020000033,5
2020-09-14,282.9870000029041,2356649.131,2409773.403000003,5
2020-09-15,407.2230000026757,2337014.516,2393306.071000003,5
2020-09-16,237.38300000265917,2342829.366,2374846.163000003,5
2020-09-17,217.81300000252668,2359114.667,2373085.1420000023,5
2020-09-18,400.35100000276,2354600.551,2395421.105000003,5
2020-09-21,368.76100000273436,2339996.1909999996,2406935.7010000027,5
2020-09-22,236.02400000269733,2344021.9699999997,2383084.9980000025,5
2020-09-23,324.658000002848,2309762.637,2381595.9530000025,5
2020-09-24,282.86700000282144,2246285.861,2247627.554000003,5
2020-09-25,322.8380000028992,2272412.559,2241453.2580000027,5
2020-09-28,229.68700000306126,2267343.88,2210879.907000003,5
2020-09-29,372.03700000306026,2267343.88,2168891.1970000034,5
2020-09-30,353.6150000030175,2312039.5700000003,2146876.4290000033,5
2020-10-09,244.85500000306456,2344643.42,2247325.9950000034,5
2020-10-12,209.3550000031246,2347774.7600000002,2330699.615000003,5
2020-10-13,319.65500000317115,2374675.1629999997,2347984.115000003,5
2020-10-14,180.95800000309282,2403900.4899999998,2326035.298000003,5
2020-10-15,263.1700000030687,2568249.73,2404081.448000003,5
2020-10-16,277.9100000031176,2573667.9600000004,2460565.360000003,5
2020-10-19,312.3530000032624,2581246.2100000004,2398184.325000003,5
2020-10-20,356.72500000317814,2689893.9960000003,2414552.5530000036,5
2020-10-21,214.6710000029998,2660213.4510000004,2545986.8910000026,5
2020-10-22,238.31400000303984,2655046.94,2593985.832000003,5
2020-10-23,365.8720000030007,3155755.36,2568537.4940000027,5
2020-10-26,430.55200000305194,2968866.12,3018046.152000003,5
2020-10-27,462.92500000295695,2967509.0020000003,3113139.587000003,5
2020-10-28,342.6950000029756,2974486.8919999995,3035744.1250000033,5
2020-10-29,371.5470000031637,2932734.33,3024346.627000003,5
2020-10-30,305.6570000029169,2840102.902,2919849.917000003,5
2020-11-02,400.93400000291876,2807724.7249999996,2837121.7140000025,5
2020-11-03,303.1120000029364,2812694.9919999996,2808415.958000003,5
2020-11-04,233.35200000251643,2773851.798,2802494.359000003,5
2020-11-05,359.6820000024745,2791320.353,2814955.7970000026,5
2020-11-06,417.80300000251736,2798477.7430000002,2735388.6800000025,5
2020-11-09,326.435000002617,2756531.8419999997,2775790.536000002,5
2020-11-10,437.08600000233855,2773186.887,2705710.4610000025,5
2020-11-11,508.76000000224394,2791087.074,2628351.1130000018,5
2020-11-12,276.40400000219233,2805991.28,2694196.7140000015,5
2020-11-13,290.0740000025253,2690535.5769999996,2720049.344000002,5
2020-11-16,227.56900000246242,2673709.977,2702782.1210000026,5
2020-11-17,322.444000002346,2654273.137,2681333.5390000027,5
2020-11-18,295.0620000024792,2630390.287,2644098.439000002,5
2020-11-19,370.2250000021886,2760861.532,2611511.9410000024,5
2020-11-20,365.6890000019921,2711881.6180000002,2697259.0490000024,5
2020-11-23,446.01900000229944,2659100.688,2759925.989000002,5
2020-11-24,209.67700000258628,2719282.208,2696033.5630000024,5
2020-11-25,218.36800000211224,2772379.15,2663925.405000002,5
2020-11-26,307.87800000205243,2692803.63,2657762.7780000013,5
2020-11-27,381.7130000020261,2677063.1599999997,2570104.6690000016,5
2020-11-30,268.34300000197254,2712303.7,2601271.7930000024,5
2020-12-01,312.1330000020098,2823737.0600000005,2623225.1130000027,5
2020-12-02,219.6770000019751,2744323.94,2688460.307000002,5
2020-12-03,323.8210000020372,2674363.25,2750174.117000002,5
2020-12-04,335.95700000214856,2622543.44,2661275.8610000024,5
2020-12-07,305.63900000206195,2640054.1380000003,2707357.0370000023,5
2020-12-08,419.68000000237953,2630322.7970000003,2707451.9570000027,5
2020-12-09,203.44700000237208,2616924.64,2606706.5670000026,5
2020-12-10,313.6070000024047,2613075.44,2600600.9570000023,5
2020-12-11,263.5770000022603,2622510.693,2642846.357000002,5
2020-12-14,316.8300000022864,2604634.41,2640820.4200000023,5
2020-12-15,359.9720000020461,2561105.1799999997,2645514.750000002,5
2020-12-16,313.306000002136,2538213.179,2574637.1560000023,5
2020-12-17,311.63900000206195,2543989.6259999997,2592089.059000002,5
2020-12-18,258.16300000215415,2510192.198,2609973.731000002,5
2020-12-21,326.3710000021965,2506157.978,2619292.109000002,5
2020-12-22,181.51000000204658,2506919.416,2561031.0070000025,5
2020-12-23,236.94500000201805,2451806.1799999997,2548593.718000002,5
2020-12-24,162.0850000019418,2469733.23,2435666.7500000023,5
2020-12-25,270.9490000019432,2462817.064,2462449.189000002,5
2020-12-28,219.41600000177277,2467956.35,2453263.0240000016,5
2020-12-29,157.53700000193203,2503048.345,2469975.2660000017,5
2020-12-30,252.482000001939,2517510.8,2523699.5320000015,5
2020-12-31,94.37000000198077,2524063.76,2559470.829000002,5
2021-01-04,252.82000000192784,2541150.375,2605359.8000000017,5
2021-01-05,244.18400000198744,2571289.745,2619607.0430000015,5
2021-01-06,225.50100000191014,2508719.09,2608269.8490000023,5
2021-01-07,272.7360000018962,2467528.39,2528847.921000002,5
2021-01-08,339.6410000019823,2469883.198,2499822.746000002,5
2021-01-11,285.10400000191294,2467273.034,2482496.4000000022,5
2021-01-12,315.32800000195857,2367564.824,2482210.724000002,5
2021-01-13,250.7580000019516,2399076.784,2451993.078000002,5
2021-01-14,192.2660000018659,2501190.41,2404547.1060000015,5
2021-01-15,308.14600000187056,2501103.58,2407433.016000002,5
2021-01-18,235.14200000173878,2507564.32,2408518.1460000016,5
2021-01-19,220.39700000181801,2504383.1459999997,2419927.014000002,5
2021-01-20,306.51100000191946,2558176.326,2421532.193000002,5
2021-01-21,315.80700000195066,2547622.246,2414942.359000002,5
2021-01-22,304.4940000019269,2560643.156,2443651.6320000016,5
2021-01-25,350.07000000192784,2530693.36,2406398.990000002,5
2021-01-26,231.8890000017709,2591300.7399999998,2368462.5050000018,5
2021-01-27,298.559000001871,2526678.08,2509814.719000002,5
2021-01-28,283.6410000017495,2501416.718,2457953.9330000016,5
2021-01-29,218.131000001973,2489579.84,2417045.5810000016,5
2021-02-01,180.0310000019672,2489579.84,2442981.171000002,5
2021-02-02,183.89700000197627,2524184.54,2424608.960000002,5
2021-02-03,272.5500000019674,2478328.91,2464125.987000002,5
2021-02-04,155.51600000209874,2472269.224,2403305.362000002,5
2021-02-05,135.2780000020739,2474669.6259999997,2358558.078000002,5
2021-02-08,266.59600000228966,2502729.69,2310241.536000002,5
2021-02-09,250.75400000240188,2501324.8,2386039.7020000024,5
2021-02-10,326.16700000246055,2539672.1,2406811.7430000026,5
2021-02-18,187.31800000241492,2676385.53,2454855.2420000024,5
2021-02-19,276.6400000024005,2717071.714,2546485.1480000024,5
2021-02-22,343.7970000023488,2709590.02,2585229.9760000026,5
2021-02-23,241.48700000240933,2699121.86,2619947.5520000025,5
2021-02-24,212.64900000253692,2724936.968,2636114.2690000026,5
2021-02-25,294.5490000023856,2727055.7419999996,2568856.8850000026,5
2021-02-26,204.03100000252016,2772656.0400000005,2631593.4020000026,5
2021-03-01,263.17100000253413,2779142.5000000005,2644838.111000003,5
2021-03-02,115.22100000267164,2819348.65,2618871.872000003,5
2021-03-03,315.12400000251364,2754398.32,2714086.9810000025,5
2021-03-04,398.0300000026218,2735419.1500000004,2711267.5350000025,5
2021-03-05,282.3350000027567,2715463.645,2691046.2850000025,5
2021-03-08,300.39000000280794,2705104.96,2681936.0400000033,5
2021-03-09,264.85000000270065,2703335.87,2634541.910000003,5
2021-03-10,260.16000000259373,2736758.006,2648843.0000000023,5
2021-03-11,269.89500000257976,2755678.086,2702248.070000003,5
2021-03-12,248.29500000249027,2772972.156,2733443.075000003,5
2021-03-15,234.58100000252034,2779340.806,2758587.8210000023,5
2021-03-16,313.52000000244925,2793040.614,2774986.5780000025,5
2021-03-17,165.9010000023991,2812008.238,2768057.4500000025,5
2021-03-18,373.0660000022035,2792425.9439999997,2792745.711000002,5
2021-03-19,271.1720000022324,2802388.2479999997,2784562.522000002,5
2021-03-22,291.41100000217557,2822742.0330000003,2848722.832000002,5
2021-03-23,222.27200000244193,2791794.2700000005,2801314.8440000024,5
2021-03-24,271.104000002495,2784447.5500000003,2813802.356000003,5
2021-03-25,206.63600000261795,2805496.9299999997,2826339.333000003,5
2021-03-26,325.81600000255276,2800673.3899999997,2835981.686000002,5
2021-03-29,288.89600000257633,2769281.702,2812352.8560000025,5
2021-03-30,193.2560000026133,2812254.177,2751964.046000003,5
2021-03-31,198.02300000254854,2766435.17,2754142.067000002,5
2021-04-01,315.20000000251457,2724845.574,2758264.787000003,5
2021-04-02,190.4310000023106,2724511.776,2707716.4540000022,5
2021-04-06,176.1710000024177,2746127.856,2759738.5910000023,5
2021-04-07,162.64700000279117,2725883.126,2739651.001000003,5
2021-04-08,177.13200000292636,2728803.819,2721318.697000003,5
2021-04-09,272.48200000287034,2759080.0939999996,2741347.6530000027,5
2021-04-12,231.6900000027381,2762737.3189999997,2749817.3440000024,5
2021-04-13,236.79800000258183,2760903.9319999996,2688966.8760000025,5
2021-04-14,246.26800000248477,2703425.6119999997,2736872.698000002,5
2021-04-15,19259.04800000228,2712348.252,2691992.6730000023,5
2021-04-16,211.35700000217184,2737634.1720000003,2731666.2480000025,5
2021-04-19,252.62800000235438,2767449.873,2759091.0780000025,5
2021-04-20,346.11000000236163,2749453.153,2767855.303000002,5
2021-04-21,306.44500000274274,2737336.96,2757091.1560000023,5
2021-04-22,298.12600000272505,2742245.783,2744413.4750000034,5
2021-04-23,208.28600000264123,2735839.6049999995,2765668.679000003,5
2021-04-26,132.20300000259795,2727146.405,2778889.678000003,5
2021-04-27,251.86300000257324,2713580.926,2750980.013000003,5
2021-04-28,343.82700000243676,2732711.222,2733269.125000002,5
2021-04-29,194.12600000251587,2702035.38,2735323.4490000024,5
2021-04-30,274.9550000024028,2993136.7290000003,2716949.7060000026,5
2021-05-06,267.0680000020657,3000916.159,2795945.8840000015,5
2021-05-07,344.09500000206754,2972392.391,2829291.218000002,5
2021-05-10,257.6670000021113,2987915.547,2884203.537000002,5
2021-05-11,342.6790000020992,2975073.825,2838048.8630000018,5
2021-05-12,342.74500000232365,3064618.0700000003,2864974.2050000024,5
2021-05-13,299.23500000231434,3054758.28,2828166.985000002,5
2021-05-14,299.7640000022948,3049883.193,2835530.984000002,5
2021-05-17,139.92900000198279,3192084.909,2798835.062000002,5
2021-05-18,296.563000002061,3450429.8189999997,2844438.276000002,5
2021-05-19,213.0830000017304,3326901.659,3143136.5030000014,5
2021-05-20,260.6510000016715,3423276.269,3188753.1450000014,5
2021-05-21,217.4590000017779,3348061.1689999998,3291268.2690000013,5
2021-05-24,234.27300000167452,3345151.751,3289498.6330000013,5
2021-05-25,242.60900000145193,3343954.071,3274282.1950000017,5
2021-05-26,387.2590000012424,3388002.6110000005,3309080.479000001,5
2021-05-27,293.5100000012899,3385808.5810000002,3343164.959000001,5
2021-05-28,308.9070000014035,3390326.6420000005,3330916.912000002,5
2021-05-31,285.36900000157766,3391104.5360000003,3348724.329000002,5
2021-06-01,259.5910000015283,3321095.535,3335159.0580000016,5
2021-06-02,393.57600000163075,3346267.8090000004,3281422.101000002,5
2021-06-03,387.2360000014305,3333099.999,3279837.6060000015,5
2021-06-04,385.09700000158045,3318975.444,3286516.0790000013,5
2021-06-07,200.908000001451,3280876.7290000003,3247924.8740000017,5
2021-06-08,337.26500000210945,3281250.4590000003,3186224.918000002,5
2021-06-09,185.34800000209634,3568786.048,3194541.3630000018,5
2021-06-10,284.0770000021439,3646315.157,3483768.417000002,5
2021-06-11,367.52500000217697,3657506.447,3595096.6530000027,5
2021-06-15,150.44500000218613,3574754.551,3653396.7450000024,5
2021-06-16,358.7360000022454,3606071.684,3601153.1580000026,5
2021-06-17,214.08000000205357,3569347.85,3645871.420000002,5
2021-06-18,401.0800000017043,3604548.7939999998,3537943.610000002,5
2021-06-21,263.7190000015544,3622160.254,3646482.2970000017,5
2021-06-22,340.5080000011949,3605376.0,3676344.613000001,5
2021-06-23,313.32800000114366,3699315.4299999997,3620653.1480000014,5
2021-06-24,382.3380000012694,3784901.0609999998,3751386.698000001,5
2021-06-25,245.64100000145845,3816654.591,3746043.1390000014,5
2021-06-28,475.58300000149757,3825927.352,3885851.0320000015,5
2021-06-29,158.9410000020871,3808577.6939999997,3906654.443000002,5
2021-06-30,405.82800000184216,3741388.2419999996,3822423.773000002,5
2021-07-01,303.9490000017686,3832775.552,3843130.0780000016,5
2021-07-02,357.01000000175554,4226839.756,3819060.889000002,5
2021-07-05,368.8850000016391,4118667.42,4146691.4080000017,5
2021-07-06,391.19700000179,4499342.363,4125208.2990000015,5
2021-07-07,241.96800000185613,4419525.176,4398104.888000002,5
2021-07-08,305.4240000018617,4415722.025,4410985.104000001,5
2021-07-09,416.7290000022622,4496072.398,4422964.153000003,5
2021-07-12,428.65400000219233,4810146.058,4583655.127000002,5
2021-07-13,364.8020000020042,4896435.529,4810574.712000001,5
2021-07-14,233.23600000177976,5056980.511,4958212.054000001,5
2021-07-15,296.78600000124425,5098007.655,5090745.912000001,5
2021-07-16,229.4990000013495,5062373.681,5115884.416000001,5
2021-07-19,362.63400000112597,5090878.693,5081236.8840000015,5
2021-07-20,266.7890000012703,5123628.899,5108199.996000001,5
2021-07-21,356.9850000011411,5150792.389,5223436.615000001,5
2021-07-22,435.8000000016764,5238109.439,5242224.051000002,5
2021-07-23,270.7670000009239,5361583.0600000005,5329907.319000001,5
2021-07-26,235.33600000059232,5263236.91,5473275.0320000015,5
2021-07-27,316.46300000092015,5258355.82,5310120.353,5
2021-07-28,410.01300000061747,5432539.717999999,5090731.363000001,5
2021-07-29,359.4260000002105,5562124.0879999995,5443149.621,5
2021-07-30,414.4750000007916,5472194.679,5440304.257000001,5
2021-08-02,260.56700000093406,5573855.768,5701305.445000001,5
2021-08-03,323.7920000012964,5506488.498000001,5536521.649000002,5
2021-08-04,275.5770000012126,5512654.3780000005,5563519.002000001,5
2021-08-05,493.664000001736,5565840.934,5532323.319000002,5
2021-08-06,316.54100000159815,5588294.68,5622084.838000001,5
2021-08-09,313.14900000164107,5571540.45,5525274.467000002,5
2021-08-10,301.8190000015311,5551593.64,5537409.099000001,5
2021-08-11,268.730000001844,5606016.368,5639747.768000001,5
2021-08-12,459.7040000015404,5688699.398,5635737.222000001,5
2021-08-13,392.792000001813,5599518.59,5622797.462000002,5
2021-08-16,310.63300000177696,5506915.109999999,5671149.382000001,5
2021-08-17,317.9550000015224,5619497.956,5483476.173000002,5
2021-08-18,383.7850000011276,5605379.217999999,5637049.749000002,5
2021-08-19,539.0010000009243,5578457.788000001,5545887.636000001,5
2021-08-20,431.04400000048236,5761659.896,5522427.510000001,5
2021-08-23,370.88800000035735,5704623.336,5717995.446,5
2021-08-24,324.3189999998358,5891755.528,5718529.75,5
2021-08-25,432.61899999994785,5899054.7930000005,5887964.689,5
2021-08-26,369.09000000036394,6028004.536,5857202.562000001,5
2021-08-27,517.3620000004303,6067274.886,5916834.6280000005,5
2021-08-30,355.2220000009984,6386592.806,6147672.239000001,5
2021-08-31,371.6560000009813,6270015.046,6362385.512,5
2021-09-01,414.12100000097416,6480267.341999999,6244586.516000002,5
2021-09-02,343.9040000008681,6366942.801999999,6495869.348000001,5
2021-09-03,364.7460000011524,6324229.69,6324136.206000002,5
2021-09-06,376.5050000019837,6528425.235,6353231.998000002,5
2021-09-07,517.9100000023745,6605203.800000001,6452471.790000003,5
2021-09-08,418.8140000021813,6600991.94,6652093.198000002,5
2021-09-09,494.3940000019102,6598401.9399999995,6498719.394000002,5
2021-09-10,459.6640000024345,6962098.42,6410752.364000003,5
2021-09-13,452.91200000117533,6733373.720000001,6796524.464000002,5
2021-09-14,382.0740000011865,7017833.774999999,6900308.624000002,5
2021-09-15,322.0480000013995,6992217.994999999,7163240.014000001,5
2021-09-16,255.15200000070035,6884466.222999999,7066634.092000001,5
2021-09-17,173.04000000027008,6912286.975,6958611.839999999,5
2021-09-22,13417.000000000113,6907438.154999999,7024484.249999999,5
2021-09-23,15504.049999999872,6623367.355,7034478.46,5
2021-09-24,16908.83999999985,6523784.275000001,6827102.54,5
2021-09-27,33098.86999999988,6470535.989,6428098.28,5
2021-09-28,1220755.0599999998,5161948.4350000005,6530484.624,4
2021-09-29,504.87000000011176,6368463.8149999995,6061180.96,5
2021-09-30,415.8900000001304,6430283.404999999,6176316.950000001,5
2021-10-08,273.0100000002235,6465067.454,6470807.965,5
2021-10-11,256.98600000045917,6278044.302,6408956.232,5
2021-10-12,306.54600000055507,6207829.2299999995,6362742.370000001,5
2021-10-13,257.0290000007517,6157783.459999999,6156989.856000002,5
2021-10-14,352.1950000007637,6165998.211,6064571.769000001,5
2021-10-15,348.0830000001006,6204211.6850000005,6083819.083000001,5
2021-10-18,401.87500000023283,6234584.552000001,6132660.375,5
2021-10-19,313.3059999998659,6328694.572000001,6227798.937,5
2021-10-20,519.1300000001211,6343421.138,6264797.424,5
2021-10-21,263.3659999999072,6380353.808,6381030.126,5
2021-10-22,405.93200000026263,6749152.872,6171071.514,5
2021-10-25,337.69800000009127,6578546.402000001,6716641.474,5
2021-10-26,230.4930000002496,6579740.1,6745562.41,5
2021-10-27,163.87300000013784,6440514.92,6790508.373,5
2021-10-28,553.1789999995381,6690552.556,6440678.793,5
2021-10-29,318.27499999897555,6723962.29,6691105.734999999,5
2021-11-01,530.657999998657,6619038.392,6748613.892999999,5
2021-11-02,438.7279999984894,6667147.1620000005,6727720.762999998,5
2021-11-03,491.9449999986682,6899984.735,6667585.889999999,5
2021-11-04,421.09999999939464,6780393.301,6756439.85,5
2021-11-05,318.16099999914877,6715315.88,6624352.731,5
2021-11-08,430.7609999992419,7100755.938999999,6548487.390999999,5
2021-11-09,483.0399999998044,7359043.9,6959211.15,5
2021-11-10,497.56999999983236,7508447.210000001,7320911.52,5
2021-11-11,311.64999999967404,7615664.000000001,7444831.1899999995,5
2021-11-12,594.0299999997951,7650330.0600000005,7647919.6499999985,5
2021-11-15,433.74999999976717,7547882.081,7755121.36,5
2021-11-16,257.58599999942817,7587418.961,7662362.01,5
2021-11-17,647.4579999994021,7674700.118000001,7634407.737000001,5
2021-11-18,526.7819999989588,7766340.276000001,7675347.5759999985,5
2021-11-19,387.2949999982957,8310578.915,7747187.547999998,5
2021-11-22,379.83399999770336,8098462.402000001,8186559.0299999975,5
2021-11-23,711.1959999969695,7997568.790000001,8098842.235999997,5
2021-11-24,407.185999995796,7928788.424,8112294.995999997,5
2021-11-25,306.40999999525957,7861076.4799999995,7988713.489999996,5
2021-11-26,313.28999999468215,7774112.176,7861382.889999995,5
2021-11-29,284.09599999478087,7920853.564,7886698.745999996,5
2021-11-30,576.9479999945033,7938255.995999999,7981719.865999995,5
2021-12-01,359.2289999932982,8049327.130000001,8052506.063999994,5
2021-12-02,343.4089999939315,7929692.454,8107585.678999994,5
2021-12-03,168.85499999369495,7758617.41,7964662.596999994,5
2021-12-06,508.8049999931827,7461069.278999999,7758786.264999993,5
2021-12-07,437.1799999929499,7666790.254,7494025.859999993,5
2021-12-08,329.55399999286055,7708914.159999999,7644906.233999994,5
2021-12-09,300.3839999923948,7800068.449999999,7568745.093999992,5
2021-12-10,341.76099999132566,7910558.623000001,7800368.833999991,5
2021-12-13,369.8889999918174,7696354.936,7985742.823999992,5
2021-12-14,495.28499999173073,7838204.019,8027825.220999992,5
2021-12-15,324.62399999174295,8077568.470000001,7829924.383999991,5
2021-12-16,426.5469999916386,8069915.92,7972933.163999992,5
2021-12-17,227.28999999165535,8287857.2069999995,7881681.566999992,5
2021-12-20,345.7699999914039,8225019.193,7935795.156999991,5
2021-12-21,251.54999999143183,8224723.352999999,7947988.459999992,5
2021-12-22,229.89999999152496,8235390.483,7835032.029999992,5
2021-12-23,399.07799999113195,8733211.092999998,7880503.468999991,5
2021-12-24,349.4909999908414,8625465.163,8298540.7889999915,5
2021-12-27,209.0519999919925,8424378.936999999,8235888.290999992,5
2021-12-28,466.13199999253266,8456851.628,8147444.512999994,5
2021-12-29,368.115999992704,8470195.885,8128318.371999992,5
2021-12-30,282.4689999927209,8758277.268000001,8186325.120999994,5
2021-12-31,282.5699999930803,8774097.381000001,8578793.946999993,5
2022-01-04,188.54999999282882,8629845.222,8881091.438999994,5
2022-01-05,323.51999999256805,9201941.072,8744912.791999992,5
2022-01-06,352.95399999246,9113393.892,8683817.880999994,5
2022-01-07,269.68199999233184,9285016.355999999,8676462.297999993,5
2022-01-10,171.91799999261275,9503658.840000002,8934444.777999992,5
2022-01-11,300.40799999278534,9704654.745,9020273.657999994,5
2022-01-12,111.78499999293126,9410832.597,9406441.092999993,5
2022-01-13,471.3959999929648,9707278.725,9367675.831999993,5
2022-01-14,182.08999999263324,9728715.715,9344169.50099999,5
2022-01-17,342.80899999220856,9980775.245000001,9658718.720999993,5
2022-01-18,462.4889999923762,10010056.685,9426000.068999993,5
2022-01-19,321.56899999291636,9827361.305,9965926.738999993,5
2022-01-20,388.95399999303845,10058458.058,9926215.383999992,5
2022-01-21,254.06399999371206,9468016.618,10052788.923999993,5
2022-01-24,273.96199999330565,9173283.25,9668372.651999995,5
2022-01-25,151.76199999320306,9249317.23,9449522.251999993,5
2022-01-26,280.28799999319017,9313055.940000001,9305222.350999994,5
2022-01-27,179.8589999933447,9176666.440000001,9071494.196999993,5
2022-01-28,148.37999999313615,9064311.77,9051791.034999993,5
2022-02-07,367.23599999328144,9193376.457,8958188.910999993,5
2022-02-08,148.8229999926407,9070687.020000001,9300810.622999994,5
2022-02-09,247.83299999311566,8964417.54,9318263.892999992,5
2022-02-10,474.16799999331124,9000335.01,9411353.462999992,5
2022-02-11,174.7509999931499,8900785.44,9293988.340999993,5
2022-02-14,264.1259999934118,8787636.91,9075811.796999995,5
2022-02-15,311.92999999411404,8698184.564,8718833.175999993,5
2022-02-16,402.7399999941699,8701180.809999999,8771462.771999994,5
2022-02-17,231.2599999937229,8725635.83,8489048.439999994,5
2022-02-18,266.1819999937543,9025989.49,8574319.859999994,5
2022-02-21,378.9769999939017,8757064.246,9056193.337999994,5
2022-02-22,253.87399999354966,9244414.511,8707542.812999995,5
2022-02-23,433.17599999395316,8856531.624000002,9123398.059999993,5
2022-02-24,182.34999999590218,8398331.052000001,8856964.799999995,5
2022-02-25,411.0129999956116,8222776.612,8530113.889999997,5
2022-02-28,430.18499999609776,8091430.28,8534513.214999996,5
2022-03-01,186.08599999640137,8152447.88,8676780.783999998,5
2022-03-02,431.1319999964908,8130877.98,8661912.563999996,5
2022-03-03,352.8729999966454,7956786.100000001,8706099.989999996,5
2022-03-04,221.7889999966137,8009874.43,8084266.728999997,5
2022-03-07,447.5929999963846,8058500.7,7864260.510999996,5
2022-03-08,290.7529999963044,8035937.7,7516549.890999997,5
2022-03-09,424.0999999966007,8035630.7299999995,7497436.218999998,5
2022-03-10,245.62999999655585,7969324.283,7564285.689999997,5
2022-03-11,161.0849999964994,7903341.003,7344724.981999996,5
2022-03-14,402.88499999558553,8169569.33,7205780.367999997,5
2022-03-15,326.2959999963641,8414345.197999999,7570489.265999997,5
2022-03-16,243.36599999619648,8347770.578000001,7940825.915999997,5
2022-03-17,275.7499999962747,8383495.398000001,7915199.765999997,5
2022-03-18,396.98499999661,8433872.940000001,8044414.527999996,5
2022-03-21,242.86699999649136,8184139.62,8343917.764999997,5
2022-03-22,339.35199999623,8102143.29,8213049.628999997,5
2022-03-23,252.89399999585112,8042582.834,8029901.232999996,5
2022-03-24,305.7959999956656,8486407.699000001,7935764.801999996,5
2022-03-25,235.9149999951478,8670338.518,7933063.5749999955,5
2022-03-28,218.7609999950655,8499803.265,8419945.789999995,5
2022-03-29,278.82799999509007,8362626.54,8379140.413999994,5
2022-03-30,541.8999999945518,8165449.244999999,8433878.267999995,5
2022-03-31,345.1149999948684,8316824.14,8287656.765999995,5
2022-04-01,330.3829999952577,8574738.488,8565945.224999996,5
2022-04-06,352.85099999583326,8503010.62,8606535.190999996,5
2022-04-07,489.2319999958854,8418977.25,8467942.124999996,5
2022-04-08,351.5019999961369,8291349.200000001,8322084.381999996,5
2022-04-11,324.2249999950873,8589751.532,8250712.781999995,5
2022-04-12,257.3549999948591,8294266.232,8494415.504999995,5
2022-04-13,348.61699999519624,8322929.955999999,8310069.556999994,5
2022-04-14,215.777999994345,8083296.084,8236067.987999994,5
2022-04-15,259.52199999406,8120777.132,8113819.301999994,5
2022-04-18,321.49999999417923,7984934.714,8142469.853999995,5
2022-04-19,447.5679999955464,7657171.318,8100368.963999996,5
2022-04-20,322.25399999530055,7457321.792,7884755.913999995,5
2022-04-21,395.47799999499694,7440600.432,7855688.033999994,5
2022-04-22,355.08799999486655,7141323.4,7573169.977999995,5
2022-04-25,240.7679999950342,7110825.18,7125905.616999995,5
2022-04-26,105.29099999531172,7107058.999999999,7137668.331999996,5
2022-04-27,294.95799999544397,7085491.246,7215591.1999999955,5
2022-04-28,130.64099999540485,7363705.594,7075062.955999995,5
2022-04-29,240.0579999955371,7350148.452,7399573.788999995,5
2022-05-05,250.53399999574685,7602354.49,7415235.915999995,5
2022-05-06,320.0419999964908,7858525.936000001,7381875.069999997,5
2022-05-09,528.7499999967404,7864355.86,7859693.845999997,5
2022-05-10,372.98599999630824,8116917.19,7973114.907999996,5
2022-05-11,370.9679999963846,8103727.67,8132324.715999996,5
2022-05-12,279.06799999647774,8045670.09,8111944.357999996,5
2022-05-13,394.29799999669194,8149159.52,8142831.357999997,5
2022-05-16,351.1279999963008,8165910.078,8137753.261999996,5
2022-05-17,275.89699999662116,8100938.76,8092922.965999996,5
2022-05-18,195.47899999679066,8168223.445,8318077.911999997,5
2022-05-19,273.4919999967751,8168223.445,8319505.145999996,5
2022-05-20,326.3919999967329,8097415.197000001,8322545.971999997,5
2022-05-23,276.10399999679066,7994210.5370000005,8122192.217999997,5
2022-05-24,393.7039999971166,8019104.055000001,7975649.127999997,5
2022-05-25,362.63499999674013,8017801.441,8065144.2289999975,5
2022-05-26,238.50699999695644,7901384.720000001,7939155.2409999985,5
2022-05-27,399.9639999966603,7838213.303,7889809.453999997,5
2022-05-30,319.84599999669626,7863335.050000001,7891544.079999996,5
2022-05-31,408.1619999965187,7836999.7299999995,7904835.808999997,5
2022-06-01,301.06999999680556,7851935.338,7909816.757999996,5
2022-06-02,535.6579999966998,7821089.03,7825684.177999997,5
2022-06-06,801.3979999965522,7963963.25,7828409.427999997,5
2022-06-07,494.3999999964144,8198243.721000001,7869341.5579999965,5
2022-06-08,505.6709999963641,8145308.64,8062795.080999996,5
2022-06-09,272.76499999674706,8332356.175,8144923.374999997,5
2022-06-10,340.8649999962654,8235790.034999999,8127063.554999998,5
2022-06-13,412.97699999623,8317802.465,7997208.386999996,5
2022-06-14,401.812999995891,8459056.395,8169493.806999996,5
2022-06-15,334.0269999965094,8459685.818,8183484.251999997,5
2022-06-16,317.763999996474,8449516.93,8194739.262999997,5
2022-06-17,362.3499999966007,8311615.916999999,8198945.833999997,5
2022-06-20,1127.5269999953452,8337803.483999999,8292060.334999995,5
2022-06-21,321.99499999405816,8255747.832,7970893.383999994,5
2022-06-22,344.51599999470636,8333237.309,7948286.438999996,5
2022-06-23,360.8899999950081,8252298.365,8037085.239999996,5
2022-06-24,401.9739999959711,8269786.185,7930901.013999996,5
2022-06-27,287.26699999533594,9008971.218,7997103.293999994,5
2022-06-28,310.7919999949154,8816011.983,8272084.048999995,5
2022-06-29,256.8619999946095,9004176.405000001,8335273.004999993,5
2022-06-30,337.20199999453325,8684798.425,8779854.701999994,5
2022-07-01,300.031999994535,8782399.855,8563047.361999994,5
2022-07-04,345.7699999946635,8980488.415,8693793.473999994,5
2022-07-05,274.31799999508075,8890533.231,8914397.119999994,5
2022-07-06,487.8139999951236,9061239.809,8828970.653999995,5
2022-07-07,238.77699999534525,9207402.726,8975775.237999994,5
2022-07-08,521.5449999954726,9039618.893,8999696.317999996,5
2022-07-11,435.6839999954682,8910047.93,8905689.780999994,5
2022-07-12,329.4839999952819,8872663.61,8785964.403999995,5
2022-07-13,202.19899999396876,9022880.134,8748997.668999994,5
2022-07-14,402.52399999438785,9430934.113,8760697.849999996,5
2022-07-15,431.143999994325,9476935.978,8869561.263999995,5
2022-07-18,509.95399999432266,9470019.378,8913778.253999993,5
2022-07-19,285.1289999943692,9407988.743,9351247.208999995,5
2022-07-20,303.9839999943506,9611693.616,9309029.099999994,5
2022-07-21,318.5579999934416,9586196.184,9424190.271999994,5
2022-07-22,423.76799999387003,9413327.098,9435553.487999994,5
2022-07-25,336.2399999941699,9927084.588,9575285.277999995,5
2022-07-26,355.83899999412097,9957724.109,9461885.399999993,5
2022-07-27,523.9899999937043,9896704.198,9916124.969999995,5
2022-07-28,181.72099999384955,9896460.198,10031156.147999994,5
2022-07-29,416.6849999949336,9758717.127,10026341.230999993,5
2022-08-01,402.7519999949727,9690318.690000001,10056269.114999995,5
2022-08-02,405.369999995688,9823251.692,9902111.073999995,5
2022-08-03,319.8379999956087,9858677.617,9651582.808999997,5
2022-08-04,494.16699999570847,9872001.36,10002003.839999994,5
2022-08-05,498.4729999958072,9878039.323,9644187.057999996,5
2022-08-08,391.5699999961071,10085642.646,10090419.615999997,5
2022-08-09,329.24599999561906,10116792.777,10065548.369999995,5
2022-08-10,337.6699999959674,10117488.669,10110575.224999998,5
2022-08-11,487.9949999966193,10057528.447999999,10102485.542999998,5
2022-08-12,210.92599999625236,10050380.112,10016285.374999996,5
2022-08-15,478.4159999953117,10040336.800999999,9924164.194999997,5
2022-08-16,335.074999995064,9990868.997,10032539.280999996,5
2022-08-17,374.65699999403023,9843193.779,10067650.399999995,5
2022-08-18,283.5509999936803,9663894.749,10107720.670999995,5
2022-08-19,430.26299999374896,9676261.287999999,9798617.575999994,5
2022-08-22,250.8319999941159,9741058.256,9870491.783999994,5
2022-08-23,337.0819999937012,9654749.122,10272549.183999993,5
2022-08-24,231.91299999342118,9673040.342,10049472.216999993,5
2022-08-25,291.0959999936167,9564893.718,9693309.349999994,5
2022-08-26,227.0929999933578,9468311.408,9200528.019999992,5
2022-08-29,371.04799999357783,9408252.101,9514638.028999994,5
2022-08-30,368.99799999444076,9015350.85,9389206.442999993,5
2022-08-31,421.56799999438226,9201060.344,9185714.426999995,5
2022-09-01,382.81199999451746,9372410.408,9016027.578999994,5
2022-09-02,349.3499999945052,9519435.636,9339681.696999993,5
2022-09-05,413.1349999946542,9538926.368999999,9415041.044999992,5
2022-09-06,229.03899999451824,9686891.453,9646785.008999996,5
2022-09-07,430.6779999942519,9688797.853,10044873.641999993,5
2022-09-08,214.98399999426329,9680568.253,9622844.051999994,5
2022-09-09,231.20799999474548,9688591.233000001,9711135.852999996,5
2022-09-13,219.5619999943301,9798132.268,9983796.450999994,5
2022-09-14,291.71999999391846,9875336.669,9994424.050999993,5
2022-09-15,239.70099999429658,9727058.327,9787118.249999993,5
2022-09-16,234.09399999439484,9693177.143,9494708.932999995,5
2022-09-19,322.97599999462545,9612422.809,9603015.473999994,5
2022-09-20,423.0749999943655,9567431.226,9598686.918999994,5
2022-09-21,265.81399999489076,9376937.428,9430737.038999997,5
2022-09-22,402.6279999949038,9121288.578,9408658.959999995,5
2022-09-23,270.1219999946188,9017982.846,9158579.213999994,5
2022-09-26,327.3999999947846,9076542.127,9043155.211999994,5
2022-09-27,97.16899999370798,9008236.815,9102895.194999995,5
2022-09-28,174.40399999363217,8826970.036,9015187.593999993,5
2022-09-29,369.30299999332055,8609003.257,8930418.816999994,5
2022-09-30,248.67599999392405,8792138.976,8721780.592999993,5
2022-10-10,282.4219999940324,8921275.325,8721661.236999994,5
2022-10-11,345.87199999401764,8956261.364,8813102.901999993,5
2022-10-12,293.21299999416806,8952251.237,8942564.562999995,5
2022-10-13,229.54699999422883,9015026.278,9182046.576999994,5
2022-10-14,283.05999999376945,9058967.305,9122456.460999994,5
2022-10-17,234.8549999941606,9049688.663,9187849.555999994,5
2022-10-18,284.3039999937173,9006657.151,9151482.155999994,5
2022-10-19,218.50799999386072,8937165.545,9056829.322999993,5
2022-10-20,311.1899999929592,8870756.486,9018374.960999995,5
2022-10-21,337.2739999922924,8877143.53,8939824.775999993,5
2022-10-24,391.4829999920912,8891036.446,8813863.208999991,5
2022-10-25,165.668999992311,8811812.192,8586301.087999992,5
2022-10-26,379.8529999926286,8937232.613,8860951.954999993,5
2022-10-27,460.5239999925252,8951722.376,8817080.293999992,5
2022-10-28,339.81399999256246,9009319.852000002,8813932.988999993,5
2022-10-31,479.2089999932796,9667215.65,9275963.707999993,5
2022-11-01,300.580999993952,9455490.915000001,9512687.084999995,5
2022-11-02,307.45199999422766,9470219.399,9471667.832999995,5
2022-11-03,383.36299999430776,9458405.557,9387910.925999993,5
2022-11-04,282.5479999943054,9458405.557,9953978.822999995,5
2022-11-07,285.71299999486655,9709976.347000001,9942354.617999993,5
2022-11-08,373.99999999511056,9771824.325000001,9779057.484999994,5
2022-11-09,239.1149999948684,9545889.225,9935839.124999994,5
2022-11-10,454.7319999949541,9635024.325,9957394.508999996,5
2022-11-11,350.96199999493547,9645372.925,9828315.696999995,5
2022-11-14,295.8179999949207,9645372.925,9738128.982999993,5
2022-11-15,296.4989999949976,9703072.765,9831244.465999994,5
2022-11-16,347.05899999495887,10120122.526999999,10007584.618999993,5
2022-11-17,252.3969999949768,10120122.526999999,9905628.502999993,5
2022-11-18,463.2749999954831,9819193.407,10090580.546999995,5
2022-11-21,390.04899999592453,9790660.22,10022305.539999995,5
2022-11-22,548.8559999954887,9672677.186999999,9957825.218999995,5
2022-11-23,343.7239999950398,9811570.231,9887431.643999996,5
2022-11-24,308.43399999430403,9918178.063,9926176.655999996,5
2022-11-25,296.0399999944493,10065486.307,9858217.730999995,5
2022-11-28,288.6989999949001,10069235.268,9965626.003999995,5
2022-11-29,282.76499999454245,10066355.728,10123139.978999995,5
2022-11-30,334.3349999944679,10092567.387,10125492.774999995,5
2022-12-01,420.617999994196,9945012.912,10106746.404999994,5
2022-12-02,210.41499999491498,10077857.105,10100907.064999996,5
2022-12-05,263.10099999490194,9971288.098,10198293.974999994,5
2022-12-06,399.0459999947343,9863006.577,10072399.997999994,5
2022-12-07,378.77599999387803,9779681.16,9968266.159999995,5
2022-12-08,343.97099999384955,9787221.6,9917541.005999994,5
2022-12-09,410.3809999942314,10071070.083,9787339.784999995,5
2022-12-12,344.9149999944493,10253732.493,9837715.496999994,5
2022-12-13,260.4279999944847,10084550.959999999,10255742.391999993,5
2022-12-14,184.63499999418855,10029190.823,10152945.309999995,5
2022-12-15,390.97699999413453,9870556.455,10231693.138999995,5
2022-12-16,412.78799999388866,9806462.594,10158708.716999993,5
2022-12-19,338.83199999365024,9890104.933,9833648.361999994,5
2022-12-20,234.76399999391288,9973016.389,9757886.129999995,5
2022-12-21,364.39699999398545,9994423.108,9816377.694999995,5
2022-12-22,400.4819999933097,9945828.839,10014654.846999994,5
2022-12-23,262.8569999933243,9999685.222,9883449.385999992,5
2022-12-26,301.53899999312125,9941554.698,9992676.886999993,5
2022-12-27,362.7319999940228,9884382.219999999,9968491.861999992,5
2022-12-28,371.1739999942947,10226575.844999999,9952893.846999995,5
2022-12-29,177.4229999934323,9994761.498000002,10119755.451999992,5
2022-12-30,431.97599999350496,9958541.342,9910990.819999995,5
2023-01-03,254.37499999348074,10015885.241,10005717.565999992,5
2023-01-04,313.2269999929704,10011928.093,10109866.788999993,5
2023-01-05,363.85199999366887,10087380.231,10132845.720999995,5
2023-01-06,390.4419999937527,10097642.651,9894230.183999995,5
2023-01-09,351.0259999947157,9995533.482,10075452.181999994,5
2023-01-10,367.78399999463,9913590.995,9945146.689999994,5
2023-01-11,212.20799999451265,9924361.143,9969539.112999996,5
2023-01-12,362.5959999950137,9885172.863,9857280.126999995,5
2023-01-13,256.1249999953434,9909296.035,9860266.486999996,5
2023-01-16,305.4399999952875,9950978.211000001,9892802.009999996,5
2023-01-17,308.04599999519996,9959517.291000001,9843100.349999994,5
2023-01-18,319.5229999953881,9893684.258,9805247.791999996,5
2023-01-19,231.8829999952577,9946836.058,9784330.077999996,5
2023-01-20,351.41999999573454,9996755.341,9878753.257999996,5
2023-01-30,354.98199999583085,9952574.036,9965769.379999995,5
2023-01-31,224.96399999549612,9898991.572,9834930.984999996,5
2023-02-01,241.65299999548733,9898991.572,10193192.388999995,5
2023-02-02,432.4019999955781,9959911.952,10050394.318999995,5
2023-02-03,216.90999999572523,9916884.184,10090752.357999997,5
2023-02-06,271.0389999955005,9924851.08,10061119.559999995,5
2023-02-07,332.7199999952645,9857462.231,10079063.103999995,5
2023-02-08,356.99099999433383,9860102.972,9944610.161999995,5
2023-02-09,295.4719999942463,9831951.973000001,9871552.361999994,5
2023-02-10,334.7219999935478,9826460.627999999,9847348.883999994,5
2023-02-13,187.05299999373892,9844938.832999999,9956887.992999993,5
2023-02-14,303.0949999941513,9836874.929,9938059.554999992,5
2023-02-15,329.316999994684,9688230.614,9882572.918999994,5
2023-02-16,228.64399999426678,9613530.983,9783361.707999993,5
2023-02-17,355.33499999390915,9613503.058,9659311.526999995,5
2023-02-20,245.56699999398552,9604551.154,9697356.324999994,5
2023-02-21,312.52499999385327,9573257.978,9641666.461999994,5
2023-02-22,374.9509999945294,9502000.611,9610061.962999994,5
2023-02-23,224.87399999401532,9470676.924,9511767.199999996,5
2023-02-24,168.25299999443814,9457966.878,9497988.577999994,5
2023-02-27,314.10499999462627,9519645.597,9474403.398999995,5
2023-02-28,494.63199999416247,9821561.191,9522261.292999994,5
2023-03-01,331.8079999939073,9725357.65,9730851.103999995,5
2023-03-02,295.3869999938179,9801311.65,9652240.432999995,5
2023-03-03,309.6199999940254,9895212.311,9669161.678999994,5
2023-03-06,325.1539999945089,9769733.141,9814276.020999994,5
2023-03-07,409.78299999423325,9923049.531,9699744.774999995,5
2023-03-08,233.80799999414012,9984749.332,9824888.223999996,5
2023-03-09,253.14499999486725,10138958.044,10337628.591999993,5
2023-03-10,366.96699999528937,10176045.138,10114422.314999994,5
2023-03-13,241.69599999533784,10127617.849,10071933.361999994,5
2023-03-14,303.2629999953788,10258341.904,9942371.240999993,5
2023-03-15,378.11299999593757,10455410.554,10331812.636999996,5
2023-03-16,190.7909999960102,10438476.622,10600005.790999996,5
2023-03-17,452.15399999613874,10420819.93,10444991.207999995,5
2023-03-20,262.0639999965206,10327272.125,10475046.343999997,5
2023-03-21,85.7769999965094,10390077.583,10484477.835999997,5
2023-03-22,199.8189999966853,10324675.149,10508245.558999997,5
2023-03-23,345.7039999971166,10279704.574000001,10483468.750999998,5
2023-03-24,320.39499999629334,10230025.634,10510176.316999994,5
2023-03-27,391.8469999949448,10123872.19,10432075.606999995,5
2023-03-28,297.88699999524397,10067975.34,10574654.525999993,5
2023-03-29,280.2789999952438,10067975.34,10310024.306999996,5
2023-03-30,154.23899999610148,10165768.157,10147029.556999996,5
2023-03-31,342.8139999953564,10111931.31,10281032.642999995,5
2023-04-03,182.75199999536562,10111931.31,10366119.615999995,5
2023-04-04,271.8769999956712,10138025.387,10266666.408999994,5
2023-04-06,232.43099999590777,10156846.31,10224634.051999995,5
2023-04-07,366.7429999962915,10184592.762,10252120.428999998,5
2023-04-10,285.0719999964349,10218489.924,10129032.220999997,5
2023-04-11,284.52299999641036,10120746.860000001,10111274.665999997,5
2023-04-12,322.6659999961921,9999743.86,10148800.868999995,5
2023-04-13,309.09099999651517,10019701.872000001,10242897.368999997,5
2023-04-14,289.33699999703094,9171295.806,10206691.547999997,5
2023-04-17,410.218999997247,9122187.201,10237287.223999998,5
2023-04-18,88.43899999675341,9145678.006000001,10071088.300999997,5
2023-04-19,181.9469999971334,9030681.89,10014970.062999997,5
2023-04-20,169.720999997342,8998113.478,9891955.405999998,5
2023-04-21,246.63099999749102,8972965.894000001,9801478.904999997,5
2023-04-24,360.67399999755435,8774840.938,9542674.179999998,5
2023-04-25,227.48599999770522,8827412.024999999,9267842.898999996,5
2023-04-26,164.67099999729544,8488433.875,9341588.218999997,5
2023-04-27,240.4199999975972,8414453.868,9422811.375999998,5
2023-04-28,285.81099999765866,8448141.536,9614926.300999997,5
2023-05-04,26657.81999999765,8448141.536,9680947.503999999,5
2023-05-05,313.30399999790825,8149712.927000001,9398977.145999998,5
2023-05-08,175.99699999764562,8059444.856000001,9634958.840999998,5
2023-05-09,289.37899999762885,7973762.364,9327750.710999997,5
2023-05-10,199.74099999805912,7780444.517999999,9107580.356999997,5
2023-05-11,198.33699999796227,7631708.874,8623134.092999997,5
2023-05-12,105.96699999785051,7580543.694,8249728.390999999,5
2023-05-15,185.45699999737553,7500717.959,8039212.508999998,5
2023-05-16,210.45199999725446,7539252.424,8278990.702999998,5
2023-05-17,244.69699999736622,7465101.484,7888285.047999997,5
2023-05-18,147.24899999750778,7498004.954,8011147.633999998,5
2023-05-19,74.33299999753945,7369759.0,7920141.824999998,5
2023-05-22,186.75099999760278,7146624.004000001,7533394.683999998,5
2023-05-23,1467459.4539999976,5775963.024,7434700.969999997,4
2023-05-24,1379854.6399999973,5730183.504000001,7215821.761999996,4
2023-05-25,1387946.1999999976,5707244.651000001,7235958.453999997,4
2023-05-26,1356366.2789999975,5707244.651000001,7157389.6039999975,4
2023-05-29,1309012.6959999974,5707244.651000001,7038906.709999997,4
2023-05-30,1319655.5629999973,5707244.651000001,7065463.628999997,4
2023-05-31,1313754.0449999971,5707244.651000001,7050718.658999997,4
2023-06-01,1299279.9689999972,5707244.651000001,7014454.325999998,4
2023-06-02,1304896.0109999974,5707244.651000001,7028846.781999997,4
2023-06-05,1323036.9889999975,5707244.651000001,7073918.120999997,4
2023-06-06,1333629.8189999976,5707244.651000001,7100183.995999997,4
2023-06-07,1442685.5899999978,5737893.074,7373018.243999998,4
2023-06-08,1425126.2279999978,5737893.074,7329107.317999998,4
2023-06-09,1431998.1539999978,5768834.76,7346324.9279999975,4
2023-06-12,1439561.0739999977,5768834.76,7365038.914999997,4
2023-06-13,1474195.3749999977,5768834.76,7451720.574999997,4
2023-06-14,1478697.0789999976,5775728.024,7463129.208999999,4
2023-06-15,1465846.7459999972,5773262.474,7430794.084999998,4
2023-06-16,1479434.0189999973,5754906.398,7464808.226999998,4
2023-06-19,6988.327999997418,7249854.178,7500476.405999998,5
2023-06-20,1486158.2879999976,5781598.042,7482020.893999998,4
2023-06-21,1489327.4659999975,5772925.394,7489431.537999997,4
2023-06-26,21331.415999997407,7316739.995,7482021.213999998,5
2023-06-27,1445410.9279999975,5830537.625,7379874.187999997,4
2023-06-28,1414446.7179999975,5830537.625,7302705.237999997,4
2023-06-29,1448159.0139999976,5830537.625,7386692.795999997,4
2023-06-30,1491443.7829999975,5830537.625,7494724.740999997,4
2023-07-03,9688.307999997498,7212758.465,7580448.181999997,5
2023-07-04,41564.59799999751,7212758.465,7740199.719999997,5
2023-07-05,26829.646999997785,7220859.96,7666438.872999998,5
2023-07-06,21926.880999997957,7198352.534,7642511.038999998,5
2023-07-07,36051.09899999796,7198352.534,7712660.407999998,5
2023-07-10,3612.7819999977946,7054223.064,7550937.4109999975,5
2023-07-11,185740.45699999778,7054223.064,7285643.500999997,5
2023-07-12,161766.1049999978,7054223.064,7300599.0299999975,5
2023-07-13,131005.1169999978,7054223.064,7207230.305999998,5
2023-07-14,164987.8149999978,7054223.064,7021274.226999997,5
2023-07-17,236654.0229999978,7054223.064,7033107.2519999975,5
2023-07-18,218774.5309999978,7054223.064,7065912.803999999,5
2023-07-19,251578.78699999783,7054223.064,7109457.439999998,5
2023-07-20,259634.09799999787,7054223.064,7167282.3989999965,5
2023-07-21,208628.97999999786,7054223.064,7032354.834999998,5
2023-07-24,211945.11299999786,7054223.064,7006232.782999998,5
2023-07-25,199075.01699999784,7054223.064,7004059.268999998,5
2023-07-26,176081.09199999785,7054223.064,6940892.098999998,5
2023-07-27,1212988.1999999979,5676814.824,6799028.806999998,4
2023-07-28,1263987.927999998,5676814.824,6926476.213999998,4
2023-07-31,1302109.598999998,5676814.824,6989827.947999999,4
2023-08-01,1313934.824999998,5676814.824,7009723.013999999,4
2023-08-02,1315959.765999998,5676814.824,7013045.276999998,4
2023-08-03,1300893.934999998,5676814.824,6987950.570999998,4
2023-08-04,1316330.920999998,5676814.824,7013560.292999999,4
2023-08-07,1334464.744999998,5676814.824,7036319.028999998,4
2023-08-08,1353480.268999998,5676814.824,7060024.928999998,4
2023-08-09,1355500.636999998,5676814.824,7062524.268999998,4
2023-08-10,1364226.316999998,5676814.824,7073446.932999998,4
2023-08-11,1356235.823999998,5676814.824,7063510.461999998,4
2023-08-14,1352398.0239999979,5676814.824,7058726.737999998,4
2023-08-15,1356828.5139999979,5676814.824,7064170.917999998,4
2023-08-16,1351269.445999998,5676814.824,7057291.625999998,4
2023-08-17,1352036.7339999978,5676814.824,7058248.815999998,4
2023-08-18,1358499.218999998,5676814.824,7066255.407999998,4
2023-08-21,1350073.8349999979,5676814.824,7055823.895999998,4
2023-08-22,1335613.1929999979,5676814.824,7037709.664999998,4
2023-08-23,1348035.472999998,5676814.824,7053227.128999999,4
2023-08-24,1343183.026999998,5676814.824,7047174.708999998,4
2023-08-25,1339200.964999998,5676814.824,7042212.353999998,4
2023-08-28,1341100.324999998,5676814.824,7044544.588999999,4
2023-08-29,1343765.812999998,5676814.824,7047926.968999999,4
2023-08-30,1356959.8719999979,5676814.824,7064377.545999997,4
2023-08-31,1346275.1839999978,5676814.824,7051057.185999998,4
2023-09-01,1351354.0679999979,5676814.824,7057398.663999998,4
2023-09-04,1358781.1799999978,5676814.824,7066648.475999998,4
2023-09-05,1351307.141999998,5676814.824,7057344.455999998,4
2023-09-06,1353034.583999998,5676814.824,7059524.4959999975,4
2023-09-07,1396072.151999998,5676814.824,7113296.855999998,4
2023-09-08,24923.97099999804,7113265.174,7199091.095999998,5
2023-09-11,1423298.4809999978,5676814.824,7147318.704999998,4
2023-09-12,1782.3149999976158,7097073.7469999995,7160439.515999998,5
2023-09-13,1782.3149999976158,7097073.7469999995,7131541.623999998,5
2023-09-14,1782.3149999976158,7097073.7469999995,7108683.425999998,5
2023-09-15,7682.044999997615,7097073.7469999995,7170302.263999999,5
2023-09-18,14372.668999997615,7097073.7469999995,7143011.543999998,5
2023-09-19,4835.948999997616,7097073.7469999995,7130276.579999997,5
2023-09-20,1392328.7959999978,5676814.824,7108583.797999999,4
2023-09-21,1406755.3759999978,5676814.824,7126592.416999998,4
2023-09-22,1416839.8839999977,5676814.824,7139275.443999997,4
2023-09-25,56249.621999997646,6981516.504000001,7251262.479999998,5
2023-09-26,30794.437999997637,6981516.504000001,7208695.377999998,5
2023-09-27,13432.944999997639,6981516.504000001,7179825.595999998,5
2023-09-28,13860.740999997639,6981516.504000001,7144128.343999998,5
2023-10-09,33064.53299999764,6981516.504000001,7151492.032999998,5
2023-10-10,7501.903999997638,6981516.504000001,7119219.682999997,5
2023-10-11,7501.903999997638,6981516.504000001,7082188.381999997,5
2023-10-12,7501.903999997638,6981516.504000001,7065659.517999997,5
2023-10-13,7501.903999997638,6981516.504000001,7062542.112999998,5
2023-10-16,7501.903999997638,6981516.504000001,7005117.765999997,5
2023-10-17,7501.903999997638,6981516.504000001,7008723.139999998,5
2023-10-18,7501.903999997638,6981516.504000001,6905980.167999998,5
2023-10-19,7501.903999997638,6981516.504000001,6905447.092999998,5
2023-10-20,7501.903999997638,6981516.504000001,6917631.966999998,5
2023-10-23,7501.903999997638,6981516.504000001,6932092.780999998,5
2023-10-24,7501.903999997638,6981516.504000001,6959765.878999997,5
2023-10-25,7501.903999997638,6981516.504000001,6996029.537999997,5
2023-10-26,10858.191999997638,6981516.504000001,7023004.631999998,5
2023-10-27,758.6489999976384,6981516.504000001,7021988.504999997,5
2023-10-30,22098.014999997635,6981516.504000001,7053233.708999998,5
2023-10-31,20301.777999997634,6981516.504000001,7028613.753999998,5
2023-11-01,1325848.8499999978,5676814.824,7025484.337999999,4
2023-11-02,1311554.9549999977,5676814.824,7007680.993999997,4
2023-11-03,1324963.9959999977,5676814.824,7024445.377999998,4
2023-11-06,1310787.0839999977,5676814.824,7006602.031999998,4
2023-11-07,1303537.1139999977,5676814.824,6997582.449999997,4
2023-11-08,1297357.2339999978,5676814.824,6989840.073999999,4
2023-11-09,1298594.6019999979,5676814.824,6991414.425999998,4
2023-11-10,1310158.3599999978,5676814.824,7005842.265999998,4
2023-11-13,1367084.3199999977,5676814.824,7077054.720999997,4
2023-11-14,1298198.2699999977,5676814.824,6990973.438999998,4
2023-11-15,1298609.6739999978,5676814.824,6991463.002999998,4
2023-11-16,1282293.1289999979,5676814.824,6970988.932999998,4
2023-11-17,1284425.6159999978,5676814.824,6973767.644999998,4
2023-11-20,1274961.6019999979,5676814.824,6961873.134999998,4
2023-11-21,1274659.6459999979,5676814.824,6961472.093999998,4
2023-11-22,1268752.742999998,5676814.824,6954071.973999998,4
2023-11-23,1272872.955999998,5676814.824,6959294.989999998,4
2023-11-24,1288153.6059999978,5676814.824,6978380.289999998,4
2023-11-27,1263351.462999998,5676814.824,6947363.489999997,4
2023-11-28,1234629.9909999978,5676814.824,6911444.814999998,4
2023-11-29,1234629.9909999978,5676814.824,6911444.814999998,4
2023-11-30,1234629.9909999978,5676814.824,6911444.814999998,4
2023-12-01,1234629.9909999978,5676814.824,6911444.814999998,4
2023-12-04,1234629.9909999978,5676814.824,6911444.814999998,4
2023-12-05,1234629.9909999978,5676814.824,6911444.814999998,4
2023-12-06,1234629.9909999978,5676814.824,6911444.814999998,4
2023-12-07,1234629.9909999978,5676814.824,6911444.814999998,4
2023-12-08,1234629.9909999978,5676814.824,6911444.814999998,4
2023-12-11,1234629.9909999978,5676814.824,6911444.814999998,4
2023-12-12,1234629.9909999978,5676814.824,6911444.814999998,4
2023-12-13,1234629.9909999978,5676814.824,6911444.814999998,4
2023-12-14,1234629.9909999978,5676814.824,6911444.814999998,4
2023-12-15,1234629.9909999978,5676814.824,6911444.814999998,4
2023-12-18,1234629.9909999978,5676814.824,6911444.814999998,4
2023-12-19,1234629.9909999978,5676814.824,6911444.814999998,4
2023-12-20,1234629.9909999978,5676814.824,6911444.814999998,4
2023-12-21,1234629.9909999978,5676814.824,6911444.814999998,4
2023-12-22,1234629.9909999978,5676814.824,6911444.814999998,4
2023-12-25,1234629.9909999978,5676814.824,6911444.814999998,4
2023-12-26,1234629.9909999978,5676814.824,6911444.814999998,4
2023-12-27,1234629.9909999978,5676814.824,6911444.814999998,4
2023-12-28,1234629.9909999978,5676814.824,6911444.814999998,4
2023-12-29,1234629.9909999978,5676814.824,6911444.814999998,4
